Unnamed: 0,job title,company,region,skills required,is remote?,is fresher?,job_category
0,Data analyst,BP Energy,Pune,,No,No,Data analyst
1,Data analyst,Arcadis,Bengaluru,"Big Data, Database",No,No,Data analyst
2,Data analyst,Scan Holdings Pvt. Limited,Delhi,,No,,Data analyst
3,Data analyst,BOEING,Bengaluru,,No,,Data analyst
4,Data analyst,Boston Consulting Group,New Delhi,,No,,Data analyst
5,Data analyst,Colgate-Palmolive,Mumbai,"Big Data, Cloud",No,No,Data analyst
6,Data analyst,IntouchCX,Hyderabad,Database,No,No,Data analyst
7,Data analyst,Deloitte,Hyderabad,,No,,Data analyst
8,Data analyst,Reupgrades,Remote,,Yes,,Data analyst
9,Data analyst,Deloitte,Hyderabad,,No,,Data analyst
10,Data analyst,Kudos India,India,,No,,Data analyst
11,Data analyst,LARVOL,Remote,,Yes,,Data analyst
12,Data analyst,Cargill,Bengaluru,,No,,Data analyst
13,Data analyst,Siemens,Bengaluru,,No,,Data analyst
14,Data analyst,JPMorgan Chase & Co,Bengaluru,Machine Learning,No,,Data analyst
15,Data analyst,EY,Kolkata,Excel,No,,Data analyst
16,Data analyst,Myntra.com,Bengaluru,Stat,No,,Data analyst
17,Data analyst,"Ryan, LLC",Remote in Hyderabad,,Yes,No,Data analyst
18,Data analyst,UnitedHealthcare,Hyderabad, Sql ,No,,Data analyst
19,Data analyst,Larsen & Toubro Limited,Chennai,,No,,Data analyst
20,Data analyst,BNP Paribas,India," Sql , Database",No,,Data analyst
21,Data analyst,JPMorgan Chase & Co,Bengaluru,,No,,Data analyst
22,Data analyst,Bosch Group,Bengaluru,Database,No,No,Data analyst
23,Data analyst,JPMorgan Chase & Co,Mumbai,,No,,Data analyst
24,Data analyst,JPMorgan Chase & Co,Bengaluru,,No,,Data analyst
25,Data analyst,JPMorgan Chase & Co,Bengaluru,Stat,No,,Data analyst
26,Data analyst,Arise Virtual Solutions Inc.,Remote,Dashboard,Yes,,Data analyst
27,Data analyst,JPMorgan Chase & Co,Bengaluru,Machine Learning,No,,Data analyst
28,Data analyst,Molex,Bengaluru,,No,,Data analyst
29,Data analyst,Larsen & Toubro Limited,Kolkata,Etl,No,No,Data analyst
30,Data analyst,Mercedes-Benz Research and Development India...,Bengaluru,Python,No,,Data analyst
31,Data analyst,Statsman Services Pvt. Ltd.,Kolkata,,No,,Data analyst
32,Data analyst,IBM,Bengaluru,,No,,Data analyst
33,Data analyst,UltraViolet Cyber,Hyderabad,Dashboard,No,,Data analyst
34,Data analyst,Flipkart,Bengaluru,"Data Mining, Dashboard",No,,Data analyst
35,Data analyst,Siemens,Bengaluru,,No,,Data analyst
36,Data analyst,KPMG,Bengaluru,,No,,Data analyst
37,Data analyst,JPMorgan Chase & Co,Bengaluru,Machine Learning,No,,Data analyst
38,Data analyst,Salesforce,Hyderabad,,No,,Data analyst
39,Data analyst,Deloitte,Hyderabad,,No,,Data analyst
40,Data analyst,Unstop,New Delhi,,No,,Data analyst
41,Data analyst,prwatech technologies,Bengaluru,,No,,Data analyst
42,Data analyst,JPMorgan Chase & Co,Hyderabad,,No,,Data analyst
43,Data analyst,TBot Techno Systems,Bengaluru,Database,No,No,Data analyst
44,Data analyst,Dhwani Rural Information Systems,Gurgaon,,No,,Data analyst
45,Data analyst,IQVIA,Bengaluru,,No,,Data analyst
46,Data analyst,Kotak Securities,India,,No,,Data analyst
47,Data analyst,Darshan Soft-Tech Pvt. Ltd.,Hyderabad,Excel,No,,Data analyst
48,Data analyst,FedEx Express MEISA,Bengaluru,,No,,Data analyst
49,Data analyst,Virtusa,Hybrid remote in Chennai,,Yes,No,Data analyst
50,Data analyst,iamneo.ai,Coimbatore,,No,,Data analyst
51,Data analyst,Accenture,Gurgaon,,No,,Data analyst
52,Data analyst,Minna Technologies,Remote in Bengaluru,,Yes,,Data analyst
53,Data analyst,JPMorgan Chase & Co,Bengaluru,,No,,Data analyst
54,Data analyst,KPMG,Mumbai,Data Visualization,No,No,Data analyst
55,Data analyst,Let's-Viz Technologies,Delhi,,No,,Data analyst
56,Data analyst,Makknowledge India Pvt Ltd,Twenty-four Parganas District,Excel,No,,Data analyst
57,Data analyst,Minna Technologies,Remote in Bengaluru,,Yes,,Data analyst
58,Data analyst,HSBC,Kolkata,,No,,Data analyst
59,Data analyst,Nityo Infotech,Pune,Data Visualization,No,,Data analyst
60,Data analyst,SRM Technologies,Chennai,,No,No,Data analyst
61,Data analyst,Stay Vista,Mumbai,,No,,Data analyst
62,Data analyst,JPMorgan Chase & Co,Mumbai,Machine Learning,No,,Data analyst
63,Data analyst,Tripmaza,Darjiling,Stat,No,,Data analyst
64,Data analyst,Kloud9,India,,No,,Data analyst
65,Data analyst,Criteo,Remote in Gurgaon,,Yes,,Data analyst
66,Data analyst,UnitedHealthcare,Bengaluru,,No,,Data analyst
67,Data analyst,JPMorgan Chase & Co,Hyderabad,,No,No,Data analyst
68,Data analyst,Wipro Limited,Gurgaon,,No,,Data analyst
69,Data analyst,Rudrateck Solution,Hybrid remote in Delhi,Database,Yes,,Data analyst
70,Data analyst,Meltwater Group,Remote,"Data Visualization, Tableau",Yes,No,Data analyst
71,Data analyst,Industries Helping Hands,Bhilai,,No,No,Data analyst
72,Data analyst,Concentrix,Bengaluru,,No,No,Data analyst
73,Data analyst,Vnaton,Bengaluru,Stat,No,,Data analyst
74,Data analyst,PayPal,Hyderabad,,No,,Data analyst
75,Data analyst,Mastercard,Pune,,No,,Data analyst
76,Data analyst,Accenture,Bengaluru,"Dashboard, Tableau",No,,Data analyst
77,Data analyst,PwC,Kolkata,,No,,Data analyst
78,Data analyst,RightWave,Noida,,No,,Data analyst
79,Data analyst,Scaler Academy,Bengaluru,Data Structure,No,,Data analyst
80,Data analyst,Hewlett Packard Enterprise,Bengaluru,,No,,Data analyst
81,Data analyst,Truecaller,Bengaluru,"Data Visualization, Stat",No,,Data analyst
82,Data analyst,Rohan Motors Ltd,Dehra Dun,Excel,No,,Data analyst
83,Data analyst,EPIC-INDIA,Bhubaneshwar,,No,,Data analyst
84,Data analyst,Infor,Hyderabad,,No,,Data analyst
85,Data analyst,Citi,Bengaluru,,No,,Data analyst
86,Data analyst,MyYogaTeacher,Bengaluru,,No,No,Data analyst
87,Data analyst,PwC,Kolkata,,No,,Data analyst
88,Data analyst,General Mills,Mumbai,Data Mining,No,,Data analyst
89,Data analyst,Hustlehub Tech Park,Bengaluru,Data Mining,No,,Data analyst
90,Data analyst,Deutsche Bank,Mumbai,,No,No,Data analyst
91,Data analyst,Bosch Group,Bengaluru,,No,,Data analyst
92,Data analyst,Goldman Sachs,Hyderabad,"Python, Data Visualization, Tableau",No,,Data analyst
93,Data analyst,Hyatt India Consultancy Private Limited,Delhi,,No,,Data analyst
94,Data analyst,PwC,Kolkata,,No,,Data analyst
95,Data analyst,Mastercard,Gurgaon,,No,,Data analyst
96,Data analyst,Navalt,Kochi,"Python,  R ",No,,Data analyst
97,Data analyst,JPMorgan Chase & Co,Mumbai,,No,,Data analyst
98,Data analyst,JPMorgan Chase & Co,Bengaluru,,No,,Data analyst
99,Data analyst,Dun & Bradstreet,Mumbai,,No,,Data analyst
100,Data analyst,Vantage Circle,Guwahati,,No,,Data analyst
101,Data analyst,Jithvar Consultancy Services Pvt. Ltd.,Lucknow,Data Visualization,No,No,Data analyst
102,Data analyst,Angadi World Technologies,Bengaluru,,No,,Data analyst
103,Data analyst,Axis My India,Mumbai,Data Structure,No,,Data analyst
104,Data analyst,GXO Logistics,Mumbai,"Machine Learning, Data Mining, Database",No,No,Data analyst
105,Data analyst,Barclays,Delhi,,No,No,Data analyst
106,Data analyst,Expedia Group,Gurgaon,,No,No,Data analyst
107,Data analyst,Vervenest technologies,Bengaluru,,No,,Data analyst
108,Data analyst,Cybage,Pune," Sql , Big Data, Etl",No,No,Data analyst
109,Data analyst,Medtronic,Nanakramguda,Excel,No,,Data analyst
110,Data analyst,Galytix,Gurgaon,,No,,Data analyst
111,Data analyst,MNR Solutions Private Limited,Kolkata,,No,,Data analyst
112,Data analyst,SUPERDNA 3D LAB,Chandigarh,Database,No,,Data analyst
113,Data analyst,JPMorgan Chase & Co,Mumbai,,No,No,Data analyst
114,Data analyst,IndustryARC,Remote,,Yes,,Data analyst
115,Data analyst,PiWheel,India,,No,No,Data analyst
116,Data analyst,XenonStack,Mohali,,No,,Data analyst
117,Data analyst,SearchUrCollege,Noida,"Data Mining, Database",No,,Data analyst
118,Data analyst,Excellanto Ventures Pvt Ltd,Remote in Delhi,,Yes,,Data analyst
119,Data analyst,VMware,Bengaluru,,No,,Data analyst
120,Data analyst,KPMG,Hyderabad,,No,,Data analyst
121,Data analyst,Recro,Bengaluru,"Python, Excel",No,No,Data analyst
122,Data analyst,Bombay Play,Bengaluru,Stat,No,,Data analyst
123,Data analyst,Biocube,Gurgaon,,No,No,Data analyst
124,Data analyst,Thoucentric,Bengaluru,,No,No,Data analyst
125,Data analyst,Mercedes-Benz Research and Development India...,Bengaluru,Big Data,No,,Data analyst
126,Data analyst,KPMG,Gurgaon,,No,,Data analyst
127,Data analyst,Wells Fargo,Bengaluru,,No,,Data analyst
128,Data analyst,FedEx Express MEISA,Mumbai,,No,,Data analyst
129,Data analyst,Oracle,India,Database,No,,Data analyst
130,Data analyst,Accenture,Bengaluru,Data Visualization,No,,Data analyst
131,Data analyst,S&P Global,Hyderabad,,No,,Data analyst
132,Data analyst,EY,Thiruvananthapuram,"Data Structure, Etl",No,,Data analyst
133,Data analyst,Accenture,Kolkata,,No,,Data analyst
134,Data analyst,Aon Corporation,Gurgaon,Database,No,,Data analyst
135,Data analyst,AceNgage Infoservices,Bengaluru,Data Mining,No,,Data analyst
136,Data analyst,Akamai,Remote,,Yes,,Data analyst
137,Data analyst,Xponent n,Bengaluru,,No,No,Data analyst
138,Data analyst,Krome dispense pvt ltd,Jalandhar,Stat,No,,Data analyst
139,Data analyst,GXO Logistics,Mumbai,"Machine Learning, Data Mining, Database",No,No,Data analyst
140,Data analyst,"Magus Infotech India Pvt. Ltd.,",Navi Mumbai,"Python, Database",No,,Data analyst
141,Data analyst,Uvation,Remote in Delhi,,Yes,,Data analyst
142,Data analyst,Legalwiz,India,"Python, Data Visualization, Stat",No,,Data analyst
143,Data analyst,Siemens,Bengaluru,,No,,Data analyst
144,Data analyst,The Scalers,Bengaluru,,No,,Data analyst
145,Data analyst,Wipro Limited,Pune,,No,,Data analyst
146,Data analyst,Anika Technologies,India,,No,No,Data analyst
147,Data analyst,Carrier,Hyderabad,,No,No,Data analyst
148,Data analyst,Goldman Sachs,Hyderabad,Stat,No,No,Data analyst
149,Data analyst,Genpact,Bengaluru,Excel,No,,Data analyst
150,Data analyst,Chandigarh University,Mohali,,No,,Data analyst
151,Data analyst,BSRI Solutions,Chennai,,No,,Data analyst
152,Data analyst,Equipped,Noida,,No,,Data analyst
153,Data analyst,Helius Technologies,India,Data Visualization,No,No,Data analyst
154,Data analyst,NSIGHT Consulting Group Pvt Ltd,Remote in Gurgaon,,Yes,,Data analyst
155,Data analyst,JPMorgan Chase & Co,Mumbai,,No,,Data analyst
156,Data analyst,LNC Enterprises,Gurgaon,"Data Visualization, Stat",No,No,Data analyst
157,Data analyst,CeX,Lower Parel,,No,,Data analyst
158,Data analyst,LogisticsNow,Mumbai,,No,No,Data analyst
159,Data analyst,Think Future Technologies,Remote in Gurgaon,,Yes,No,Data analyst
160,Data analyst,nurture.farm,Bengaluru,Database,No,,Data analyst
161,Data analyst,AppleTech,Vadodara,,No,,Data analyst
162,Data analyst,Infor,Bengaluru,,No,,Data analyst
163,Data analyst,Equifax,Mumbai,Etl,No,,Data analyst
164,Data analyst,Escalent,Remote,Stat,Yes,,Data analyst
165,Data analyst,TARGET,Bengaluru,,No,,Data analyst
166,Data analyst,Ideas to Impacts Innovations,Maharashtra,"Python, Etl, Database",No,,Data analyst
167,Data analyst,Group 8A,Remote in India,,Yes,,Data analyst
168,Data analyst,HighLevel Inc.,Remote,"Data Visualization,  Sql , Dashboard",Yes,,Data analyst
169,Data analyst,Orbio solutions,Calicut,"Python, Data Visualization,  Sql , Excel, Tableau",No,,Data analyst
170,Data analyst,RPA Infotech,Gurgaon, Sql ,No,,Data analyst
171,Data analyst,Athena,Remote,,Yes,,Data analyst
172,Data analyst,Apple,Bengaluru,,No,,Data analyst
173,Data analyst,General Mills,Mumbai,,No,No,Data analyst
174,Data analyst,Datagaps Inc (Nanyata Software Solutions Pvt....,Remote,,Yes,,Data analyst
175,Data analyst,DataEconomy,Gurgaon,,No,No,Data analyst
176,Data analyst,Paychex IT Solutions India,Bengaluru,Database,No,,Data analyst
177,Data analyst,Infosys,Pune,Tableau,No,,Data analyst
178,Data analyst,Infineon Technologies,Bengaluru,,No,,Data analyst
179,Data analyst,Knowledgetics Research,Gurgaon,,No,,Data analyst
180,Data analyst,YuktaMedia,Pune, Sql ,No,No,Data analyst
181,Data analyst,ABB,Bengaluru,,No,,Data analyst
182,Data analyst,Amplework,Jaipur,,No,,Data analyst
183,Data analyst,dharma.h,Dhakuria,,No,,Data analyst
184,Data analyst,PwC,Kolkata,,No,,Data analyst
185,Data analyst,JPMorgan Chase & Co,Bengaluru,,No,No,Data analyst
186,Data analyst,Deutsche Bank,Jaipur,,No,No,Data analyst
187,Data analyst,Software AG,Bengaluru,,No,,Data analyst
188,Data analyst,ABB,Bengaluru,,No,No,Data analyst
189,Data analyst,Netradyne,Bengaluru,,No,No,Data analyst
190,Data analyst,Start.io,Bengaluru,,No,,Data analyst
191,Data analyst,"Cytel, India",India,,No,,Data analyst
192,Data analyst,Merkle,Pune,,No,,Data analyst
193,Data analyst,FedEx Express MEISA,Mumbai,,No,,Data analyst
194,Data analyst,Mordor Intelligence,Remote,Data Visualization,Yes,,Data analyst
195,Data analyst,Auric search,Mumbai,,No,No,Data analyst
196,Data analyst,CC Staffing International,Remote in Bengaluru,Data Visualization,Yes,,Data analyst
197,Data analyst,Camsdata,Bengaluru,Python,No,No,Data analyst
198,Data analyst,Ardem Incorporated,Remote in Lucknow,,Yes,,Data analyst
199,Data analyst,Recruise India Consulting Pvt Ltd,Bengaluru,"Data Visualization, Excel",No,No,Data analyst
200,Data analyst,Accenture,Bengaluru,,No,,Data analyst
201,Data analyst,Harjai Computers Private Limited,Mumbai,Data Visualization,No,,Data analyst
202,Data analyst,Vantage Circle,Guwahati,,No,,Data analyst
203,Data analyst,Everest Fleet Pvt Ltd,Chennai,"Excel, Database",No,No,Data analyst
204,Data analyst,Xpheno,Bengaluru,,No,,Data analyst
205,Data analyst,Amol Technologies,Pune,,No,No,Data analyst
206,Data analyst,Vizva Pvt Ltd,Ahmedabad,,No,,Data analyst
207,Data analyst,Infosys,Pune,,No,,Data analyst
208,Data analyst,Payatu,Remote in Pune,,Yes,,Data analyst
209,Data analyst,E2E Infoware Management Services,Bengaluru,Big Data,No,,Data analyst
210,Data analyst,JPMorgan Chase & Co,Mumbai,,No,,Data analyst
211,Data analyst,Standard Chartered,Chennai,"Data Visualization,  Sql ",No,,Data analyst
212,Data analyst,Helius Technologies,India,,No,,Data analyst
213,Data analyst,NovoTree Minds Consulting,Bengaluru,Excel,No,,Data analyst
214,Data analyst,BlackRock,Hybrid remote in Gurgaon,,Yes,,Data analyst
215,Data analyst,Infoblox,Bengaluru,,No,,Data analyst
216,Data analyst,Megara Infotech,Gurgaon,Excel,No,,Data analyst
217,Data analyst,Smart Ship,Pune,,No,,Data analyst
218,Data analyst,BBS,Gurgaon,,No,No,Data analyst
219,Data analyst,Directi,Mumbai,,No,No,Data analyst
220,Data analyst,Infosys,Hyderabad,,No,No,Data analyst
221,Data analyst,GXO Logistics,Mumbai,,No,,Data analyst
222,Data analyst,EY,India,,No,,Data analyst
223,Data analyst,Creditas Solutions,Gurgaon,,No,,Data analyst
224,Data analyst,XopunTech,Guwahati,,No,,Data analyst
225,Data analyst,Pilgrim,Mumbai,,No,,Data analyst
226,Data analyst,JPMorgan Chase & Co,Mumbai,,No,,Data analyst
227,Data analyst,ABB,Bengaluru,,No,,Data analyst
228,Data analyst,Deloitte,Hyderabad,,No,,Data analyst
229,Data analyst,KPMG,Mumbai,,No,No,Data analyst
230,Data analyst,Injazat,Remote in Chennai,,Yes,,Data analyst
231,Data analyst,KUSHAL'S FASHION JEWELLERY,Bengaluru,"Data Visualization, Tableau",No,No,Data analyst
232,Data analyst,Havas Group,Mumbai,"Data Structure, Database",No,,Data analyst
233,Data analyst,MOLTRESS HOSPITALITY PRIVATE LIMITED,Chennai,,No,,Data analyst
234,Data analyst,Accenture,Hyderabad,Dashboard,No,,Data analyst
235,Data analyst,Parati,Remote in Haryana,,Yes,,Data analyst
236,Data analyst,BT Group,Bengaluru," Sql , Etl",No,,Data analyst
237,Data analyst,Dr.Reddy's,Hyderabad,Excel,No,No,Data analyst
238,Data analyst,SAM Global University Bhopal,Bhopal,,No,No,Data analyst
239,Data analyst,BP Energy,Hybrid remote in Pune,,Yes,,Data analyst
240,Data analyst,Virtusa,Hybrid remote in Bengaluru,Big Data,Yes,No,Data analyst
241,Data analyst,Nivoda,Mumbai,,No,,Data analyst
242,Data analyst,BNC,Pune,,No,,Data analyst
243,Data analyst,Moody's,Bengaluru,,No,,Data analyst
244,Data analyst,Stats Perform,India,Machine Learning,No,,Data analyst
245,Data analyst,Pluralsight,India,,No,,Data analyst
246,Data analyst,Helius Technologies,India,"Data Visualization, Dashboard",No,No,Data analyst
247,Data analyst,Proclink,Ahmedabad,"Python,  R ",No,No,Data analyst
248,Data analyst,Bristol Myers Squibb,Remote in Hyderabad,,Yes,,Data analyst
249,Data analyst,JPMorgan Chase & Co,Hyderabad,,No,No,Data analyst
250,Data analyst,Unimrkt Research,Gurgaon,Database,No,,Data analyst
251,Data analyst,predera,Hyderabad,Database,No,No,Data analyst
252,Data analyst,YouGov,Hybrid remote in Mumbai,,Yes,No,Data analyst
253,Data analyst,Koch Global Services,Bengaluru,Dashboard,No,,Data analyst
254,Data analyst,Elsevier,Chennai,"Python, Stat",No,,Data analyst
255,Data analyst,Tax Genie,Mumbai,Python,No,,Data analyst
256,Data analyst,ZeroFOX,Bengaluru,,No,,Data analyst
257,Data analyst,HP,Bengaluru,,No,,Data analyst
258,Data analyst,HaystackAnalytics,Mumbai,,No,No,Data analyst
259,Data analyst,iXie Gaming,Bengaluru,,No,,Data analyst
260,Data analyst,SourceMash Technologies,Mohali,Powerbi,No,No,Data analyst
261,Data analyst,HRD India,Kolkata,,No,,Data analyst
262,Data analyst,Buzzworks,India,Data Mining,No,,Data analyst
263,Data analyst,Deloitte,Bengaluru,,No,,Data analyst
264,Data analyst,Husk Power Systems,Pune,Database,No,No,Data analyst
265,Data analyst,PayU,Hybrid remote in Gurgaon,Python,Yes,,Data analyst
266,Data analyst,WattSun,Ernakulam,Database,No,,Data analyst
267,Data analyst,Insight Therapy Solutions,Remote in Mumbai,,Yes,,Data analyst
268,Data analyst,Risk Management Solutions (RMS),Noida,,No,,Data analyst
269,Data analyst,Moody's,Bengaluru,,No,,Data analyst
270,Data analyst,Deloitte,Hyderabad," Sql , Etl",No,No,Data analyst
271,Data analyst,iResearch Services,Hybrid remote in Pune,Excel,Yes,,Data analyst
272,Data analyst,Airbus,Bengaluru,,No,,Data analyst
273,Data analyst,twid,Bengaluru,,No,No,Data analyst
274,Data analyst,Assetmonk,India,,No,,Data analyst
275,Data analyst,Goldman Sachs,Bengaluru,,No,,Data analyst
276,Data analyst,Cisco Systems,Bengaluru,,No,No,Data analyst
277,Data analyst,The Modern Dimension,Bengaluru,,No,No,Data analyst
278,Data analyst,Clarity Bio Systems,Powai,"Python, Machine Learning,  R , Stat",No,,Data analyst
279,Data analyst,Cognext,Mumbai,Etl,No,,Data analyst
280,Data analyst,Accenture,India,,No,,Data analyst
281,Data analyst,Tata 1mg,Gurgaon,,No,,Data analyst
282,Data analyst,BNP Paribas,Mumbai,,No,,Data analyst
283,Data analyst,DAMS Pvt. Ltd. (eMedicoz),Noida,,No,No,Data analyst
284,Data analyst,Arsh Biotech,India,,No,,Data analyst
285,Data analyst,RealPage India,Hyderabad,,No,,Data analyst
286,Data analyst,JPMorgan Chase & Co,Bengaluru,,No,,Data analyst
287,Data analyst,REXMAN,Remote,,Yes,,Data analyst
288,Data analyst,VB School,Chennai,"Python,  Sql , Database",No,,Data analyst
289,Data analyst,Mercedes-Benz Research and Development India...,Bengaluru,,No,,Data analyst
290,Data analyst,Gnani Innovations,Bengaluru,,No,No,Data analyst
291,Data analyst,"CloudPlinth, Inc.",Warangal,Data Mining,No,No,Data analyst
292,Data analyst,altbalaji,Mumbai," Sql ,  R , Tableau",No,No,Data analyst
293,Data analyst,Fluid.Live Solutions Pvt Ltd,Remote in Pune,,Yes,,Data analyst
294,Data analyst,Phenom People,Hyderabad,Stat,No,No,Data analyst
295,Data analyst,BT Group,Bengaluru,,No,,Data analyst
296,Data analyst,FabHotels,Gurgaon,"Python, Excel",No,No,Data analyst
297,Data analyst,Deutsche Bank,Bengaluru,,No,,Data analyst
298,Data analyst,Siemens,Bengaluru,,No,,Data analyst
299,Data analyst,JPMorgan Chase & Co,Bengaluru,Machine Learning,No,,Data analyst
300,Data analyst,GXO Logistics,Mumbai,,No,,Data analyst
301,Data analyst,BT,Bengaluru,,No,No,Data analyst
302,Data analyst,EY,Gurgaon,Data Structure,No,,Data analyst
303,Data analyst,Supply Wisdom,Remote,,Yes,,Data analyst
304,Data analyst,Cargill,Gurgaon,,No,No,Data analyst
305,Data analyst,Aptus Data LAbs,Bengaluru,,No,,Data analyst
306,Data analyst,XenonStack,Mohali,"Data Visualization, Database",No,,Data analyst
307,Data analyst,IBM,Pune,,No,,Data analyst
308,Data analyst,SS Supply Chain Solutions,Bengaluru,,No,,Data analyst
309,Data analyst,Food Memories,Delhi,Database,No,,Data analyst
310,Data analyst,V-Align Technologies,Bengaluru,Stat,No,No,Data analyst
311,Data analyst,SAP,Bengaluru,,No,,Data analyst
312,Data analyst,Oracle,Noida,Cloud,No,,Data analyst
313,Data analyst,Magic Infomedia,Delhi,,No,,Data analyst
314,Data analyst,IBM,Bengaluru,,No,No,Data analyst
315,Data analyst,Cashfree Payments,Bengaluru,,No,No,Data analyst
316,Data analyst,Accenture,Mumbai,Cloud,No,,Data analyst
317,Data analyst,Risk Management Solutions,Noida,,No,,Data analyst
318,Data analyst,Wells Fargo,Hyderabad,,No,,Data analyst
319,Data analyst,SSquad Global,Bengaluru,,No,,Data analyst
320,Data analyst,HoonarTek,Mumbai,,No,No,Data analyst
321,Data analyst,7N,Remote,Database,Yes,,Data analyst
322,Data analyst,99Plus IT Solutions,Vadodara,Stat,No,No,Data analyst
323,Data analyst,Certara,Secunderabad,Database,No,,Data analyst
324,Data analyst,BridgeLoyalty,Mumbai,,No,,Data analyst
325,Data analyst,4CRisk.ai Software,Bengaluru,,No,No,Data analyst
326,Data analyst,Skyworks,Bengaluru,,No,,Data analyst
327,Data analyst,SH Square Consultants,Bengaluru,"Etl, Excel",No,No,Data analyst
328,Data analyst,AMBC,Hyderabad,,No,,Data analyst
329,Data analyst,Bristol Myers Squibb,Hyderabad,,No,,Data analyst
330,Data analyst,L.E.K. Consulting,Mumbai,,No,,Data analyst
331,Data analyst,Skyislimit Technologies,Ernakulam,Python,No,,Data analyst
332,Data analyst,Recruitment Smart,Hybrid remote in Ahmedabad,,Yes,,Data analyst
333,Data analyst,Royal Global University,Guwahati,,No,,Data analyst
334,Data analyst,JPMorgan Chase & Co,Mumbai,,No,,Data analyst
335,Data analyst,Copperpod Digital,India,Dashboard,No,,Data analyst
336,Data analyst,Risk Management Solutions (RMS),Noida,,No,,Data analyst
337,Data analyst,Trane Technologies,Bengaluru,,No,,Data analyst
338,Data analyst,Atlassian,Remote in Bengaluru,,Yes,,Data analyst
339,Data analyst,Xpheno,Mumbai, Sql ,No,No,Data analyst
340,Data analyst,S&P Global,Gurgaon,,No,,Data analyst
341,Data analyst,Prescient Healthcare Group,Gurgaon,,No,,Data analyst
342,Data analyst,Novisync,Remote in India,,Yes,,Data analyst
343,Data analyst,Silver Touch Technologies Ltd.,Mumbai,"Data Structure, Database",No,,Data analyst
344,Data analyst,HyreFox Consultants,Jaipur,Database,No,,Data analyst
345,Data analyst,GyanTU,India,"Data Mining, Database",No,,Data analyst
346,Data analyst,Micron,Gujarat,Cloud,No,No,Data analyst
347,Data analyst,Mann Hospitality LLP,Bengaluru,,No,,Data analyst
348,Data analyst,JPMorgan Chase & Co,Mumbai,,No,,Data analyst
349,Data analyst,fluidonomics Solutions,Remote in Pune,,Yes,,Data analyst
350,Data analyst,Goldman Sachs,Bengaluru,Big Data,No,,Data analyst
351,Data analyst,Merilytics,Hyderabad,Big Data,No,,Data analyst
352,Data analyst,JPMorgan Chase & Co,Bengaluru,,No,,Data analyst
353,Data analyst,Accenture,Hyderabad,,No,,Data analyst
354,Data analyst,Borek Solutions,Vadodara,"Stat, Excel",No,,Data analyst
355,Data analyst,Lowe's,Bengaluru,,No,,Data analyst
356,Data analyst,Innovature Software Labs,Kochi,Database,No,No,Data analyst
357,Data analyst,Locus IT Services,Bengaluru,,No,,Data analyst
358,Data analyst,Deloitte,Hyderabad,,No,,Data analyst
359,Data analyst,Siemens Gamesa Renewable Energy,Bengaluru,,No,,Data analyst
360,Data analyst,JLL,Gurgaon,,No,,Data analyst
361,Data analyst,Gemini Exports,Mumbai,,No,No,Data analyst
362,Data analyst,JPMorgan Chase & Co,Mumbai,Machine Learning,No,,Data analyst
363,Data analyst,CBRE,Hyderabad,Data Structure,No,,Data analyst
364,Data analyst,Cyient,Hyderabad,,No,,Data analyst
365,Data analyst,Vonage,Remote in Bengaluru," Sql , Excel",Yes,No,Data analyst
366,Data analyst,Decision Point,Gurgaon,,No,No,Data analyst
367,Data analyst,iPrime Services,Noida,,No,,Data analyst
368,Data analyst,Revvity,Remote in India,,Yes,No,Data analyst
369,Data analyst,Hydro,Jaipur,"Data Visualization, Excel",No,,Data analyst
370,Data analyst,Accenture,Bengaluru,,No,,Data analyst
371,Data analyst,Niralee Technologies,Hyderabad,,No,No,Data analyst
372,Data analyst,Ismile Technologies,Bengaluru,,No,No,Data analyst
373,Data analyst,Scaler Academy,Bengaluru,,No,,Data analyst
374,Data analyst,The Scalers,Bengaluru,,No,No,Data analyst
375,Data analyst,Zensar Technologies,Pune,,No,,Data analyst
376,Data analyst,LanceTech Solutions Pvt Ltd,Noida,,No,No,Data analyst
377,Data analyst,OPALFORCE.COM,Bengaluru,,No,,Data analyst
378,Data analyst,House of Shipping,Chennai,,No,,Data analyst
379,Data analyst,Dell Technologies,Hybrid remote in Bengaluru,"Machine Learning, Stat",Yes,No,Data analyst
380,Data analyst,Aarohiinfo fi management limited,Pune,,No,,Data analyst
381,Data analyst,Nexware Technologies,Remote,Cloud,Yes,No,Data analyst
382,Data analyst,Accenture,Bengaluru,,No,,Data analyst
383,Data analyst,Nielsen,Remote in Mumbai,Database,Yes,,Data analyst
384,Data analyst,Adobe,Noida,Big Data,No,,Data analyst
385,Data analyst,GUS Education,Hyderabad,,No,No,Data analyst
386,Data analyst,Trigya Innovations India Pvt. Ltd.,New Delhi,,No,,Data analyst
387,Data analyst,Appriffy - Digital IT Hub Private Limited,Bengaluru,Excel,No,,Data analyst
388,Data analyst,Secuodsoft Technologies pvt ltd,Bhubaneshwar,,No,,Data analyst
389,Data analyst,Nihilent,Pune,,No,,Data analyst
390,Data analyst,JPMorgan Chase & Co,Mumbai,Excel,No,,Data analyst
391,Data analyst,Oracle,India,,No,,Data analyst
392,Data analyst,Sciative Solutions,Vashi,Excel,No,,Data analyst
393,Data analyst,mPower Software Services,Bengaluru,,No,No,Data analyst
394,Data analyst,Cityinfo Services,Bengaluru,,No,,Data analyst
395,Data analyst,Accenture,Bengaluru,,No,,Data analyst
396,Data analyst,Priceline.com,Hybrid remote in Mumbai,Cloud,Yes,No,Data analyst
397,Data analyst,Siemens,Bengaluru,,No,,Data analyst
398,Data analyst,Citi,India,,No,,Data analyst
399,Data analyst,Boston Consulting Group,New Delhi,"Data Visualization, Dashboard, Tableau",No,No,Data analyst
400,Data analyst,AHRC Pvt Ltd,Ahmedabad,Excel,No,,Data analyst
401,Data analyst,EY,India,Excel,No,,Data analyst
402,Data analyst,Grant Thornton INDUS,Remote in Bengaluru,Excel,Yes,,Data analyst
403,Data analyst,Deloitte,Bengaluru,,No,,Data analyst
404,Data analyst,It Resource Hunter,Gurgaon,Stat,No,,Data analyst
405,Data analyst,Blue Yonder,Bengaluru,,No,,Data analyst
406,Data analyst,Getronics,Bengaluru,,No,,Data analyst
407,Data analyst,Genpact,Bengaluru,,No,,Data analyst
408,Data analyst,Boston Consulting Group,New Delhi,Database,No,No,Data analyst
409,Data analyst,Aspiration,Navi Mumbai,,No,,Data analyst
410,Data analyst,KPMG,Gurgaon,,No,,Data analyst
411,Data analyst,4CRisk.ai Software,Bengaluru,,No,,Data analyst
412,Data analyst,Indegene,Bengaluru,,No,,Data analyst
413,Data analyst,Rightzone Resource Solutions Pvt Ltd,Nagercoil,Database,No,,Data analyst
414,Data analyst,Sun Life,Gurgaon,,No,,Data analyst
415,Data analyst,iDesign.Market,Delhi,,No,,Data analyst
416,Data analyst,Hotstar,Bengaluru,"Python, Data Visualization, Stat, Excel",No,,Data analyst
417,Data analyst,BK Talent Lease Consulting,New Delhi,Data Mining,No,No,Data analyst
418,Data analyst,JPMorgan Chase & Co,Mumbai,,No,,Data analyst
419,Data analyst,Cendyn,Hybrid remote in Gurgaon,,Yes,,Data analyst
420,Data analyst,Kwalee,Hybrid remote in Bengaluru,,Yes,,Data analyst
421,Data analyst,Pivotree,"+2 locations
Remote",Stat,Yes,,Data analyst
422,Data analyst,Acceldata,Hybrid remote in Bengaluru,,Yes,,Data analyst
423,Data analyst,Export Genius,Remote in New Delhi,Database,Yes,,Data analyst
424,Data analyst,American Express Global Business Travel,Remote in India,,Yes,,Data analyst
425,Data analyst,Genpact,Bengaluru,,No,,Data analyst
426,Data analyst,AMBC,Remote in Bengaluru,,Yes,No,Data analyst
427,Data analyst,JLL,Bengaluru,,No,,Data analyst
428,Data analyst,BOLD LLC,Noida,,No,,Data analyst
429,Data analyst,Grazitti,Mohali,,No,No,Data analyst
430,Data analyst,Xogene Services LLC,Remote,,Yes,,Data analyst
431,Data analyst,BIG IT JOBS,Gurgaon,Data Structure,No,,Data analyst
432,Data analyst,Simcorp,Noida,,No,,Data analyst
433,Data analyst,Manya Education Pvt Ltd,New Delhi,,No,,Data analyst
434,Data analyst,Warner Bros. Discovery,Hyderabad,,No,,Data analyst
435,Data analyst,Renault Group,Chennai,,No,,Data analyst
436,Data analyst,Cibirix,Indore,,No,,Data analyst
437,Data analyst,Kroll,Mumbai,Data Visualization,No,No,Data analyst
438,Data analyst,Agarwal Job Placement,Surat,,No,No,Data analyst
439,Data analyst,Sai Computers Limited,Meerut,,No,,Data analyst
440,Data analyst,Ultimez,Hubli," Sql , Database",No,No,Data analyst
441,Data analyst,FIS Global,Bengaluru,,No,No,Data analyst
442,Data analyst,MMStartup,Chennai,Stat,No,No,Data analyst
443,Data analyst,CSB Bank,Ernakulam,,No,,Data analyst
444,Data analyst,Virtual Binz,Udaipur,,No,No,Data analyst
445,Data analyst,FactEntry,Vellore,,No,No,Data analyst
446,Data analyst,SelFin India Financial Services,Mumbai,,No,,Data analyst
447,Data analyst,Muthoottu Infotech Pvt Ltd.(MMSoftTech),Ernakulam,,No,No,Data analyst
448,Data analyst,infoanalytica,Ahmedabad,,No,,Data analyst
449,Data analyst,Link Group,Mumbai,,No,,Data analyst
450,Data analyst,Pyxidia TechLab LLP,Bengaluru,,No,,Data analyst
451,Data analyst,Flexiti Financial,Remote in Hyderabad,,Yes,,Data analyst
452,Data analyst,Vimaan Robotics,Bengaluru,Database,No,No,Data analyst
453,Data analyst,Windmill Smart Solutions,Remote,,Yes,,Data analyst
454,Data analyst,Knack Ventures,Bopal,,No,,Data analyst
455,Data analyst,Flipkart,Bengaluru,,No,,Data analyst
456,Data analyst,Maybank,Bengaluru,,No,,Data analyst
457,Data analyst,Refresh Marketing,Coimbatore,"Data Visualization, Stat, Excel",No,,Data analyst
458,Data analyst,Crypto Mize,Delhi,,No,,Data analyst
459,Data analyst,Boston Consulting Group,New Delhi,"Data Visualization, Dashboard, Tableau",No,No,Data analyst
460,Data analyst,Crypto Mize,Delhi,,No,,Data analyst
461,Data analyst,JLL,Gurgaon,,No,,Data analyst
462,Data analyst,Wibits Web Solutions,Nagercoil,"Excel, Database",No,,Data analyst
463,Data analyst,Yuvo Health,Remote in Chennai,,Yes,No,Data analyst
464,Data analyst,3M,Bengaluru,,No,,Data analyst
465,Data analyst,Buchprufer,Calicut,"Data Mining, Stat",No,No,Data analyst
466,Data analyst,Insightland,Remote in Orissa,,Yes,,Data analyst
467,Data analyst,Magnus Composites Synergies Pvt Ltd,Bhiwandi,,No,,Data analyst
468,Data analyst,Accenture,Gurgaon,,No,,Data analyst
469,Data analyst,S&P Global,Ahmedabad,Database,No,,Data analyst
470,Data analyst,GreedyGame Media,Bengaluru," Sql , Dashboard",No,,Data analyst
471,Data analyst,UST,Bengaluru,,No,No,Data analyst
472,Data analyst,KPMG,Mumbai,Dashboard,No,,Data analyst
473,Data analyst,Accenture,Bengaluru,Etl,No,,Data analyst
474,Data analyst,RedBus,Bengaluru,,No,No,Data analyst
475,Data analyst,iCRC,Noida,,No,,Data analyst
476,Data analyst,Akscellence Info Solutions,New Delhi,,No,,Data analyst
477,Data analyst,i-Tech Infonet (P) Ltd,Rajkot,,No,,Data analyst
478,Data analyst,Bristol Myers Squibb,Hyderabad,,No,,Data analyst
479,Data analyst,Crypto Mize,Delhi,,No,,Data analyst
480,Data analyst,ALIQAN Technologies,Bengaluru,,No,No,Data analyst
481,Data analyst,Neem Consulting,Remote in Bengaluru,,Yes,No,Data analyst
482,Data analyst,Accenture,Gurgaon,,No,No,Data analyst
483,Data analyst,Citco,Hyderabad,Stat,No,,Data analyst
484,Data analyst,IDP Education Ltd,Chennai,,No,,Data analyst
485,Data analyst,Micron,Hyderabad,,No,,Data analyst
486,Data analyst,PLF Solutions,Panchkula,Big Data,No,,Data analyst
487,Data analyst,TechnipFMC,India,,No,,Data analyst
488,Data analyst,CGI,Bengaluru,,No,,Data analyst
489,Data analyst,Sun Life,Gurgaon,Data Mining,No,No,Data analyst
490,Data analyst,Deloitte,Bengaluru,,No,,Data analyst
491,Data analyst,HILTI,Gurgaon,Excel,No,,Data analyst
492,Data analyst,Rezo.ai.,Noida,"Data Visualization, Tableau",No,,Data analyst
493,Data analyst,Morningstar,Hybrid remote in Navi Mumbai,,Yes,,Data analyst
494,Data analyst,FIS Global,Bengaluru,Cloud,No,No,Data analyst
495,Data analyst,Eaton,Pune,"Data Visualization, Database",No,,Data analyst
496,Data analyst,Mordor Intelligence,Remote,,Yes,,Data analyst
497,Data analyst,SmartConnect Technologies (UNFYD),Wagle Estate,Data Visualization,No,No,Data analyst
498,Data analyst,Sourcedesk Global,Kolkata,,No,,Data analyst
499,Data analyst,Bristol Myers Squibb,Hyderabad,,No,,Data analyst
500,Data analyst,CRISIL,India,,No,,Data analyst
501,Data analyst,Netxcell,Vijayawada,,No,,Data analyst
502,Data analyst,Mastercard,Gurgaon,,No,,Data analyst
503,Data analyst,BizTecno,Chandigarh,"Python, Stat",No,,Data analyst
504,Data analyst,Maersk,Pune,,No,,Data analyst
505,Data analyst,Nimiety Careers,Indiranagar,,No,,Data analyst
506,Data analyst,BigTapp Pte. Ltd,Chennai,,No,No,Data analyst
507,Data analyst,Bajaj Allianz General Insurance Company,India,,No,,Data analyst
508,Data analyst,Mastercard,Gurgaon,"Data Visualization, Stat, Tableau",No,No,Data analyst
509,Data analyst,Deloitte,Hyderabad,,No,,Data analyst
510,Data analyst,Fluidonomics Solutions LLP,Pune,,No,,Data analyst
511,Data analyst,Citi,Bengaluru,Stat,No,,Data analyst
512,Data analyst,Information Services Group,Bengaluru,,No,,Data analyst
513,Data analyst,ALSTOM,Bengaluru,,No,,Data analyst
514,Data analyst,ZF,Coimbatore,,No,,Data analyst
515,Data analyst,Locuz Enterprise Solutions,Mumbai,Cloud,No,,Data analyst
516,Data analyst,ASM Technologies,Bengaluru,,No,No,Data analyst
517,Data analyst,Saasvaap,India,,No,,Data analyst
518,Data analyst,Bristol Myers Squibb,Remote in Hyderabad,,Yes,,Data analyst
519,Data analyst,Winning Edge,Bengaluru,,No,,Data analyst
520,Data analyst,FERRERO,Pune,,No,,Data analyst
521,Data analyst,BNP Paribas,Mumbai,,No,,Data analyst
522,Data analyst,NextGrowth Labs,Bengaluru,Database,No,,Data analyst
523,Data analyst,PCDS Infotech,Mumbai,,No,,Data analyst
524,Data analyst,HRS,Chandigarh,,No,,Data analyst
525,Data analyst,Google,Mumbai,,No,,Data analyst
526,Data analyst,Amex,Gurgaon,Python,No,No,Data analyst
527,Data analyst,Boston Consulting Group,Bengaluru,,No,,Data analyst
528,Data analyst,Goldman Sachs,Bengaluru,Big Data,No,,Data analyst
529,Data analyst,Crypto Mize,Delhi,,No,,Data analyst
530,Data analyst,MidTown Software,Mohali,Database,No,,Data analyst
531,Data analyst,DoptitAI,Kochi,Database,No,,Data analyst
532,Data analyst,TIAA,Mumbai,Data Structure,No,,Data analyst
533,Data analyst,Squirrel Softech services private limited,Makarba,"Data Visualization, Tableau",No,,Data analyst
534,Data analyst,Marsh,Mumbai,,No,,Data analyst
535,Data analyst,Rapidera Technologies Pvt Ltd,Pune,Database,No,No,Data analyst
536,Data analyst,Bristol Myers Squibb,Hyderabad,,No,,Data analyst
537,Data analyst,Sawara Solutions Pvt Ltd,Bengaluru,,No,,Data analyst
538,Data analyst,Alstone Manufacturing,India,"Data Mining, Big Data",No,,Data analyst
539,Data analyst,Eccentric,Remote,,Yes,,Data analyst
540,Data analyst,Young Turtle LLP,Ahmedabad,Stat,No,No,Data analyst
541,Data analyst,M.K GROUP,Pune,,No,,Data analyst
542,Data analyst,Accenture,Gurgaon,,No,,Data analyst
543,Data analyst,Squareboat,Gurgaon,Excel,No,,Data analyst
544,Data analyst,Research Nester,Noida,,No,,Data analyst
545,Data analyst,Zscaler,Bengaluru,,No,No,Data analyst
546,Data analyst,Axis My India,Mumbai,Stat,No,,Data analyst
547,Data analyst,Yash Technologies,Pune,"Data Visualization, Cloud",No,,Data analyst
548,Data analyst,Lowe's,Bengaluru,,No,,Data analyst
549,Data analyst,Maersk,Pune,,No,,Data analyst
550,Data analyst,Outsource Bigdata,Remote,Excel,Yes,,Data analyst
551,Data analyst,Capline Services,Noida,,No,,Data analyst
552,Data analyst,Equifax,Mumbai,,No,No,Data analyst
553,Data analyst,McKinsey & Company,Bengaluru,,No,,Data analyst
554,Data analyst,NEXTracker,Hyderabad,"Python, Data Visualization,  R , Tableau, Powerbi",No,No,Data analyst
555,Data analyst,EY,Bengaluru,Database,No,,Data analyst
556,Data analyst,IndustryARC,Remote,,Yes,,Data analyst
557,Data analyst,Bristol Myers Squibb,Remote in Hyderabad,,Yes,,Data analyst
558,Data analyst,Altus Group,Hyderabad,,No,,Data analyst
559,Data analyst,SKD Academy,Lucknow,Data Mining,No,No,Data analyst
560,Data analyst,Taboola,Gurgaon,,No,No,Data analyst
561,Data analyst,Ashok Maheshwary & Associates,Gurgaon,,No,,Data analyst
562,Data analyst,Ahex Technologies,Hyderabad,Data Visualization,No,,Data analyst
563,Data analyst,YouGov,Navi Mumbai,Stat,No,,Data analyst
564,Data analyst,Juniper Networks,Bengaluru,Cloud,No,,Data analyst
565,Data analyst,Tiger Analytics,Bengaluru,"Machine Learning, Stat",No,,Data analyst
566,Data analyst,NXGN Sports Interactive Pvt Ltd,Ahmedabad,,No,No,Data analyst
567,Data analyst,Bristol Myers Squibb,Hyderabad,,No,,Data analyst
568,Data analyst,Your Car,Surat,Excel,No,,Data analyst
569,Data analyst,Appzlogic Mobility Solutions Pvt Ltd,Noida,,No,,Data analyst
570,Data analyst,Harvest Group,Tamil Nadu,"Cloud, Database",No,,Data analyst
571,Data analyst,Goldman Sachs,Bengaluru,Data Structure,No,,Data analyst
572,Data analyst,Nestaway Technologies,Bengaluru,Data Mining,No,,Data analyst
573,Data analyst,The/Nudge,Bengaluru,Excel,No,,Data analyst
574,Data analyst,JPMorgan Chase & Co,Mumbai,Machine Learning,No,,Data analyst
575,Data analyst,Flipkart,Bengaluru,Data Mining,No,,Data analyst
576,Data analyst,Mantras2Success consultants,Mumbai,Database,No,,Data analyst
577,Data analyst,LatinumHR,Calicut,,No,No,Data analyst
578,Data analyst,John Cockerill,Mumbai,Dashboard,No,,Data analyst
579,Data analyst,iTDAY India,Bengaluru,Data Mining,No,No,Data analyst
580,Data analyst,Genpact,Bengaluru,,No,,Data analyst
581,Data analyst,Novartis,Hyderabad District,,No,,Data analyst
582,Data analyst,General Mills,Mumbai,,No,,Data analyst
583,Data analyst,Findem,Remote in Bengaluru,,Yes,,Data analyst
584,Data analyst,AJobman,Ahmedabad,"Data Visualization, Stat",No,,Data analyst
585,Data analyst,JPMorgan Chase & Co,Bengaluru,,No,,Data analyst
586,Data analyst,Bristol Myers Squibb,Hyderabad,,No,,Data analyst
587,Data analyst,Accenture,Noida,,No,,Data analyst
588,Data analyst,Maxxmann Communications Pvt. Ltd,Chandigarh,Data Visualization,No,No,Data analyst
589,Data analyst,Bridgesoft Solutions Pvt Ltd,Hyderabad," Sql , Database",No,,Data analyst
590,Data analyst,Technovatrix,India, Sql ,No,No,Data analyst
591,Data analyst,Eaton,Hadapsar,Database,No,No,Data analyst
592,Data analyst,Sai Computers Limited,Meerut,,No,,Data analyst
593,Data analyst,Michelin,Pune,,No,,Data analyst
594,Data analyst,LanceTech Solutions Pvt Ltd,Remote in Chennai,,Yes,No,Data analyst
595,Data analyst,Saltmine,Bengaluru,,No,,Data analyst
596,Data analyst,Indibni Pvt Ltd,Jaipur,,No,,Data analyst
597,Data analyst,Chqbook,Gurgaon,,No,,Data analyst
598,Data analyst,AI Workspace,Kolkata,,No,No,Data analyst
599,Data analyst,Round Bracket,Jaipur,,No,,Data analyst
600,Data analyst,PYXIDIATECH LAB LLP,Bengaluru,,No,,Data analyst
601,Data analyst,GXO Logistics,Mumbai,,No,,Data analyst
602,Data analyst,Giesecke+Devrient GmbH,Gurgaon,,No,,Data analyst
603,Data analyst,FIS Global,Mohali,,No,,Data analyst
604,Data analyst,KRSNAA Diagnostics,Pune,,No,No,Data analyst
605,Data analyst,Baker Hughes,Remote in Mumbai,,Yes,No,Data analyst
606,Data analyst,MPOWER Financing,Bengaluru,,No,No,Data analyst
607,Data analyst,Samyak Infotech,Ahmedabad,"Preprocessing, Stat",No,,Data analyst
608,Data analyst,Arihant Capital Markets Ltd,Indore,,No,,Data analyst
609,Data analyst,Boston Consulting Group,New Delhi,,No,,Data analyst
610,Data analyst,Infosys,Hyderabad,,No,,Data analyst
611,Data analyst,Asia Pacific Ceramics,Ahmedabad,Data Mining,No,,Data analyst
612,Data analyst,Beinex,Kochi,Database,No,,Data analyst
613,Data analyst,Genpact,Bengaluru,Excel,No,,Data analyst
614,Data analyst,Telstra,Bengaluru,,No,No,Data analyst
615,Data analyst,Webyops Inc,Pune,,No,,Data analyst
616,Data analyst,INT9 Solutions,Chennai,,No,,Data analyst
617,Data analyst,FossGen Technologies Pvt.ltd,Pune,,No,,Data analyst
618,Data analyst,SUMADHURA Group,Marathahalli,,No,,Data analyst
619,Data analyst,EY,Bengaluru,Excel,No,,Data analyst
620,Data analyst,KPMG,Mumbai,,No,No,Data analyst
621,Data analyst,Airtel India,Gurgaon,,No,,Data analyst
622,Data analyst,Sprinklr,Gurgaon,,No,,Data analyst
623,Data analyst,WTW,Gurgaon,,No,,Data analyst
624,Data analyst,EY,Noida,,No,,Data analyst
625,Data analyst,Vodafone,Bengaluru,,No,,Data analyst
626,Data analyst,Propel Technology Group,Chennai,,No,,Data analyst
627,Data analyst,EY,Kochi,,No,No,Data analyst
628,Data analyst,Bristol Myers Squibb,Hyderabad,,No,,Data analyst
629,Data analyst,JPMorgan Chase & Co,Mumbai,"Python, Excel",No,No,Data analyst
630,Data analyst,Certara,Remote in Secunderabad,Database,Yes,,Data analyst
631,Data analyst,TESTRIQ QA Lab,Mira Road,,No,,Data analyst
632,Data analyst,systems plus,Pune,,No,,Data analyst
633,Data analyst,Mantras2Success consultants,Mumbai," Sql , Database",No,No,Data analyst
634,Data analyst,Tetra Pak,Pune,,No,,Data analyst
635,Data analyst,Seller Rocket,Thanjavur,"Data Visualization, Excel",No,,Data analyst
636,Data analyst,Mantras2Success consultants,Hyderabad,,No,,Data analyst
637,Data analyst,Etraveli Group,Pune,,No,No,Data analyst
638,Data analyst,Bristol Myers Squibb,Hyderabad,,No,,Data analyst
639,Data analyst,Citi,Chennai,,No,,Data analyst
640,Data analyst,NetConnect Private Limited,Bengaluru,,No,,Data analyst
641,Data analyst,Genpact,Bengaluru,Data Mining,No,No,Data analyst
642,Data analyst,Recruiter Wings Consultancy,Chennai,,No,No,Data analyst
643,Data analyst,Mastercard,Pune,,No,,Data analyst
644,Data analyst,Concentrix,Bengaluru,Stat,No,,Data analyst
645,Data analyst,CIGNEX Datamatics,Bengaluru,,No,No,Data analyst
646,Data analyst,iAssure International Technologies Pvt Ltd,Pune,,No,,Data analyst
647,Data analyst,Boston Consulting Group,New Delhi,,No,,Data analyst
648,Data analyst,Wells Fargo,Hyderabad,"Python, Machine Learning, Big Data",No,,Data analyst
649,Data analyst,Kaplan,Bengaluru,,No,,Data analyst
650,Data analyst,Sun Life,Bengaluru,Python,No,No,Data analyst
651,Data analyst,CRISIL,Pune,Data Visualization,No,,Data analyst
652,Data analyst,CSRBOX,Remote in Ahmedabad,,Yes,,Data analyst
653,Data analyst,Healthfirst Technologies,Hyderabad,,No,,Data analyst
654,Data analyst,Sai Computers Limited,Meerut,,No,,Data analyst
655,Data analyst,Abserve Tech,Simmakkal,,No,,Data analyst
656,Data analyst,Institutional Shareholder Services,Hybrid remote in Mumbai,,Yes,,Data analyst
657,Data analyst,EY,Noida,,No,,Data analyst
658,Data analyst,iCRC,Noida,Data Visualization,No,,Data analyst
659,Data analyst,JLL,Bengaluru,,No,,Data analyst
660,Data analyst,JLL,Bengaluru,,No,,Data analyst
661,Data analyst,Aspire Ladders,Indore,"Python,  R , Stat, Excel, Tableau",No,,Data analyst
662,Data analyst,Dentsu Aegis Network,Bengaluru,Database,No,,Data analyst
663,Data analyst,Varroc Engineering,Pune,,No,,Data analyst
664,Data analyst,2M Shaan Engineering Solutions Pvt Ltd,Delhi,,No,No,Data analyst
0,Data scientist,London Stock Exchange Group,Hyderabad,,No,,Data scientist
1,Data scientist,Indeed,Remote,"Data Structure, Machine Learning",Yes,,Data scientist
2,Data scientist,Indeed,Remote,"Data Structure, Machine Learning",Yes,,Data scientist
3,Data scientist,Khan's Tutorial,Pune,Python,No,,Data scientist
4,Data scientist,Onsite Academy Pvt Ltd,Guwahati,"Python, Machine Learning",No,,Data scientist
5,Data scientist,Deloitte,Bengaluru,,No,,Data scientist
6,Data scientist,Boston Consulting Group,New Delhi,,No,,Data scientist
7,Data scientist,Pinkerton,Bengaluru,Stat,No,,Data scientist
8,Data scientist,Agoda,Delhi,,No,,Data scientist
9,Data scientist,Publicis Sapient,Bengaluru,,No,,Data scientist
10,Data scientist,Amex,Gurgaon,"Python, Big Data",No,No,Data scientist
11,Data scientist,Deloitte,Bengaluru,,No,,Data scientist
12,Data scientist,AutoFlipz,Remote,"Python, Preprocessing",Yes,No,Data scientist
13,Data scientist,Brave AI Lab,India,Python,No,,Data scientist
14,Data scientist,Cargill,Bengaluru,,No,,Data scientist
15,Data scientist,Kenvue,Bengaluru,AI,No,,Data scientist
16,Data scientist,AISPL - Tamil Nadu,Bengaluru,"Python,  R , Big Data",No,,Data scientist
17,Data scientist,Deloitte,Hyderabad,,No,,Data scientist
18,Data scientist,MiQ Digital,Hybrid remote in Bengaluru,"Data Mining,  Sql , Big Data",Yes,No,Data scientist
19,Data scientist,myOnsite Healthcare LLC,Vadodara,,No,,Data scientist
20,Data scientist,Deloitte,Bengaluru,"Python, Deep Learning, Stat",No,No,Data scientist
21,Data scientist,TransUnion,Pune,,No,,Data scientist
22,Data scientist,IBM,Bengaluru,,No,,Data scientist
23,Data scientist,Getinz,Bengaluru,Deployment,No,,Data scientist
24,Data scientist,Deloitte,Hyderabad,"Machine Learning, Big Data, Stat",No,,Data scientist
25,Data scientist,"Ryan, LLC",Remote in Hyderabad,,Yes,No,Data scientist
26,Data scientist,Macropace Technologies,Bengaluru,"Machine Learning, Data Mining, Stat",No,No,Data scientist
27,Data scientist,Barclays,Chennai,,No,,Data scientist
28,Data scientist,Tookitaki,Bengaluru,Machine Learning,No,No,Data scientist
29,Data scientist,Deutsche Bank,Pune,Data Mining,No,,Data scientist
30,Data scientist,BigShyft,Noida,Preprocessing,No,,Data scientist
31,Data scientist,CODEC Networks,Delhi,,No,,Data scientist
32,Data scientist,Deloitte,Bengaluru,,No,,Data scientist
33,Data scientist,SIXT India,Bengaluru,,No,No,Data scientist
34,Data scientist,SciPy Technologies,Thiruvananthapuram,,No,Yes,Data scientist
35,Data scientist,Cargill,Bengaluru,Stat,No,,Data scientist
36,Data scientist,Accenture,Bengaluru,Python,No,No,Data scientist
37,Data scientist,Techcovery Solutions,Bengaluru,Preprocessing,No,,Data scientist
38,Data scientist,Flexday,Hyderabad,Machine Learning,No,No,Data scientist
39,Data scientist,Athena,Remote,,Yes,,Data scientist
40,Data scientist,Avient,Pune,Data Mining,No,No,Data scientist
41,Data scientist,KPMG,Mumbai,,No,,Data scientist
42,Data scientist,Clarifai,Remote in Bengaluru,,Yes,,Data scientist
43,Data scientist,JPMorgan Chase & Co,Bengaluru,Machine Learning,No,,Data scientist
44,Data scientist,Credit Saison,Bengaluru,,No,,Data scientist
45,Data scientist,Innefu Labs Pvt. Ltd.,Delhi,,No,,Data scientist
46,Data scientist,KPMG,Bengaluru,,No,,Data scientist
47,Data scientist,Capgemini,Mumbai,"Data Visualization, Preprocessing",No,,Data scientist
48,Data scientist,Apple,Bengaluru,,No,,Data scientist
49,Data scientist,Accenture,Bengaluru,AI,No,No,Data scientist
50,Data scientist,SS Supply Chain Solutions,Bengaluru,"Data Structure, Data Visualization",No,,Data scientist
51,Data scientist,InTechHub Solutions,Remote,"Python, Stat",Yes,No,Data scientist
52,Data scientist,Livello India,Hyderabad,,No,No,Data scientist
53,Data scientist,LatentView,Chennai,Machine Learning,No,No,Data scientist
54,Data scientist,Lawyantra,Mumbai, Sql ,No,No,Data scientist
55,Data scientist,JPMorgan Chase & Co,Bengaluru,Machine Learning,No,No,Data scientist
56,Data scientist,Datawrkz,Bengaluru,,No,,Data scientist
57,Data scientist,Oracle,Bengaluru,Machine Learning,No,No,Data scientist
58,Data scientist,Raptor Supplies Private Limited,New Delhi,Machine Learning,No,,Data scientist
59,Data scientist,Photon,Chennai,Big Data,No,No,Data scientist
60,Data scientist,Bosch Group,Hyderabad, Sql ,No,No,Data scientist
61,Data scientist,JPMorgan Chase & Co,Bengaluru,Machine Learning,No,,Data scientist
62,Data scientist,Ellicium,Pune,Big Data,No,,Data scientist
63,Data scientist,Stalwart Innovations,Bengaluru,,No,,Data scientist
64,Data scientist,WUElev8 Innovation Services,Noida,Dashboard,No,,Data scientist
65,Data scientist,Walr,Remote in India,,Yes,,Data scientist
66,Data scientist,Alzbeta Search Partners,Mumbai,,No,No,Data scientist
67,Data scientist,WorkSure,New Delhi,,No,,Data scientist
68,Data scientist,Microsoft,Bengaluru,,No,,Data scientist
69,Data scientist,Affinity Express,Pune,,No,No,Data scientist
70,Data scientist,Bosch Group,Bengaluru,"Machine Learning, Stat",No,,Data scientist
71,Data scientist,IQVIA,Bengaluru,,No,,Data scientist
72,Data scientist,Adobe,Noida,,No,No,Data scientist
73,Data scientist,Cantaloupe,Remote,,Yes,,Data scientist
74,Data scientist,Docplexus,Remote,Data Mining,Yes,,Data scientist
75,Data scientist,Paytail,Gurgaon,,No,,Data scientist
76,Data scientist,Instaspaces Realtech Private Limited,Gurgaon,,No,,Data scientist
77,Data scientist,Boston Consulting Group,Bengaluru,,No,,Data scientist
78,Data scientist,Vixplor Analytics,Kolkata,,No,No,Data scientist
79,Data scientist,JPMorgan Chase & Co,Bengaluru,Machine Learning,No,,Data scientist
80,Data scientist,NovoTree Minds Consulting,Bengaluru,,No,,Data scientist
81,Data scientist,TransUnion,Mumbai,,No,,Data scientist
82,Data scientist,X-YUG Technologies,Begumpet,Preprocessing,No,,Data scientist
83,Data scientist,SatSure Analytics India,Bengaluru,,No,No,Data scientist
84,Data scientist,Google,Bengaluru,Machine Learning,No,,Data scientist
85,Data scientist,Accenture,Hyderabad,Big Data,No,,Data scientist
86,Data scientist,Puneri Pattern,Maharashtra,Machine Learning,No,,Data scientist
87,Data scientist,Visa,Mumbai,,No,No,Data scientist
88,Data scientist,Unified Infotech,Kolkata,,No,No,Data scientist
89,Data scientist,Nissan,Thiruvananthapuram,,No,,Data scientist
90,Data scientist,Siemens,Bengaluru,,No,,Data scientist
91,Data scientist,Lendingkart,Bengaluru,"Machine Learning, Stat",No,No,Data scientist
92,Data scientist,Aptagrim Consulting,Hyderabad,"Data Visualization, Preprocessing",No,No,Data scientist
93,Data scientist,Flipkart,Bengaluru,"Data Mining, Dashboard",No,,Data scientist
94,Data scientist,TBot Techno Systems,Bengaluru,,No,No,Data scientist
95,Data scientist,Iresh7 consulting,Delhi,Preprocessing,No,No,Data scientist
96,Data scientist,Antier Solutions,Mohali,Data Structure,No,,Data scientist
97,Data scientist,InnoBit Systems,Noida,,No,,Data scientist
98,Data scientist,EarlySalary,Pune,Machine Learning,No,No,Data scientist
99,Data scientist,ONLEI Technologies,Remote,,Yes,Yes,Data scientist
100,Data scientist,Infosys,Pune,,No,,Data scientist
101,Data scientist,Novartis,Hyderabad District,,No,,Data scientist
102,Data scientist,Nagarro,Remote,,Yes,No,Data scientist
103,Data scientist,UST,Remote in Thiruvananthapuram,"Data Mining, Etl, Stat",Yes,No,Data scientist
104,Data scientist,Accenture,Mumbai,,No,,Data scientist
105,Data scientist,Technovert,Hyderabad,Data Mining,No,No,Data scientist
106,Data scientist,Ecozen Solutions,Pune,,No,No,Data scientist
107,Data scientist,Acuity Knowledge Partners,Bengaluru,,No,No,Data scientist
108,Data scientist,Meithee Tech Private Limited,Bengaluru,"Python, Big Data",No,,Data scientist
109,Data scientist,Holiday Factory,Pune,,No,,Data scientist
110,Data scientist,Verizon,Remote in Chennai,AI,Yes,No,Data scientist
111,Data scientist,Microsoft,Bengaluru,,No,,Data scientist
112,Data scientist,Pivotchain Solution Technologies,Pune,,No,,Data scientist
113,Data scientist,SSP Technology,Pune,Data Mining,No,,Data scientist
114,Data scientist,JPMorgan Chase & Co,Bengaluru,Machine Learning,No,,Data scientist
115,Data scientist,Bradken,Coimbatore,Big Data,No,,Data scientist
116,Data scientist,Accuracy Info Labs Pvt. Ltd.,Pune,Data Mining,No,,Data scientist
117,Data scientist,Sorigin Group,Pune,"Data Visualization, Data Mining",No,No,Data scientist
118,Data scientist,Anagram Media & Marketing,Delhi,"Python,  Sql ",No,,Data scientist
119,Data scientist,Beinex,India,Data Visualization,No,,Data scientist
120,Data scientist,Intuit,Bengaluru,,No,No,Data scientist
121,Data scientist,Zazz,Hyderabad,,No,,Data scientist
122,Data scientist,HealthAsyst,Bengaluru,Stat,No,,Data scientist
123,Data scientist,Softweb Solutions,Ahmedabad,"Python, Deep Learning",No,No,Data scientist
124,Data scientist,Finquest,Bengaluru,,No,,Data scientist
125,Data scientist,Infowiz Software Solution,Amritsar,,No,,Data scientist
126,Data scientist,Cendyn,Gurgaon,Stat,No,No,Data scientist
127,Data scientist,Alcon,Bengaluru,,No,,Data scientist
128,Data scientist,SkillCircle,New Delhi,,No,No,Data scientist
129,Data scientist,Future Profilez,Remote,,Yes,,Data scientist
130,Data scientist,Deloitte,Bengaluru,,No,,Data scientist
131,Data scientist,Khan Academy,Remote,,Yes,No,Data scientist
132,Data scientist,RamSoft,Remote in Bengaluru,,Yes,No,Data scientist
133,Data scientist,Mr. Cooper,Chennai,,No,No,Data scientist
134,Data scientist,Intuit,Bengaluru,,No,No,Data scientist
135,Data scientist,Paytm,Noida,,No,,Data scientist
136,Data scientist,Censius,Remote in India,Machine Learning,Yes,No,Data scientist
137,Data scientist,Siemens Healthineers,Bengaluru,"Data Visualization, Preprocessing",No,,Data scientist
138,Data scientist,Hookfish,Mumbai,,No,,Data scientist
139,Data scientist,Kmart,Bengaluru,,No,No,Data scientist
140,Data scientist,CodiniX,Noida,Etl,No,,Data scientist
141,Data scientist,E Page Infotech,Remote in Pune,,Yes,No,Data scientist
142,Data scientist,Ataloud Technologies,Remote,,Yes,No,Data scientist
143,Data scientist,Sourcedesk Global,Kolkata,Python,No,,Data scientist
144,Data scientist,Sybrant Data,Chennai,"Python, Machine Learning, Data Mining",No,No,Data scientist
145,Data scientist,Autodesk,Bengaluru,Stat,No,,Data scientist
146,Data scientist,Visa,Hybrid remote in Bengaluru,AI,Yes,,Data scientist
147,Data scientist,Mercedes-Benz Research and Development India...,Bengaluru,,No,,Data scientist
148,Data scientist,NexaQ,Remote,,Yes,,Data scientist
149,Data scientist,Clarivate,Hybrid remote in Bengaluru,,Yes,,Data scientist
150,Data scientist,Saffo Solution Technology,Pune,,No,,Data scientist
151,Data scientist,Imurgence,Jamshedpur,"Machine Learning, Deep Learning, Big Data, Stat",No,,Data scientist
152,Data scientist,Comviva,Bengaluru,Data Mining,No,No,Data scientist
153,Data scientist,Ninestars Information Technologies,Bengaluru,,No,No,Data scientist
154,Data scientist,Perfality Business Solutions LLP,Jaipur,Data Visualization,No,No,Data scientist
155,Data scientist,Akscellence Info Solutions,New Delhi,,No,,Data scientist
156,Data scientist,Imurgence,India, R ,No,No,Data scientist
157,Data scientist,Recruise India Consulting Pvt Ltd,Bengaluru,Stat,No,,Data scientist
158,Data scientist,Great Learning,Gurgaon,"Python,  Sql ",No,No,Data scientist
159,Data scientist,Rubrik Job Board,Bengaluru,,No,,Data scientist
160,Data scientist,Marktine Technology Solutions,Remote,,Yes,,Data scientist
161,Data scientist,Supermaths,Kolkata,Machine Learning,No,,Data scientist
162,Data scientist,ADCI - Karnataka,Bengaluru,"Machine Learning, Deep Learning, Stat",No,No,Data scientist
163,Data scientist,RELX,India,,No,No,Data scientist
164,Data scientist,Findability Sciences,Aurangabad,,No,No,Data scientist
165,Data scientist,SourceFuse Technologies,Noida,,No,,Data scientist
166,Data scientist,Concentrix,Bengaluru,,No,No,Data scientist
167,Data scientist,Accenture,Noida,Big Data,No,,Data scientist
168,Data scientist,Sinarmas Land,Andaman and Nicobar Islands,Stat,No,No,Data scientist
169,Data scientist,Agnik,India,,No,No,Data scientist
170,Data scientist,Accenture,Mumbai,Stat,No,,Data scientist
171,Data scientist,EY,Hyderabad,,No,No,Data scientist
172,Data scientist,True Tech Professionals Private Limited,Gurgaon,Machine Learning,No,No,Data scientist
173,Data scientist,Fortuna Entertainment Group,India,,No,No,Data scientist
174,Data scientist,FiscalNote,Gurgaon,,No,,Data scientist
175,Data scientist,Revol Process Solutions,Chennai,,No,,Data scientist
176,Data scientist,Deutsche Bank,Mumbai,,No,,Data scientist
177,Data scientist,LanceTech Solutions Pvt Ltd,Agra,,No,,Data scientist
178,Data scientist,Kloud9,India,,No,,Data scientist
179,Data scientist,Jet2 Travel Technologies,Remote in Pune,,Yes,No,Data scientist
180,Data scientist,Prevalent AI,Kochi,"Python, Big Data",No,No,Data scientist
181,Data scientist,GiBots,Pune,Data Structure,No,,Data scientist
182,Data scientist,EVC Ventures,Gurgaon,,No,No,Data scientist
183,Data scientist,HSBC,Mumbai,,No,,Data scientist
184,Data scientist,REIZEND PRIVATE LIMITED,Thiruvananthapuram,"Data Mining, Stat",No,No,Data scientist
185,Data scientist,Codvo.ai,Remote in Bengaluru,,Yes,,Data scientist
186,Data scientist,Imurgence,Remote,,Yes,,Data scientist
187,Data scientist,Perfect eLearning,Hyderabad,,No,No,Data scientist
188,Data scientist,Convera,Remote in Pune,,Yes,,Data scientist
189,Data scientist,GeakMinds,Remote in Chennai,"Data Mining,  Sql , Stat",Yes,,Data scientist
190,Data scientist,PayPal,Hyderabad,,No,,Data scientist
191,Data scientist,A2Z Jobs Consultancy,Kolkata,,No,,Data scientist
192,Data scientist,Acuity Knowledge Partners,Bengaluru,,No,,Data scientist
193,Data scientist,LinkedIn Limited Listings,Gurgaon,Machine Learning,No,,Data scientist
194,Data scientist,PharmaACE,Pune,,No,,Data scientist
195,Data scientist,Ayruz Data Marketing,Kerala,Data Mining,No,No,Data scientist
196,Data scientist,Peak AI,Hybrid remote in Pune,Deployment,Yes,No,Data scientist
197,Data scientist,Takeda Pharmaceutical,Bengaluru,,No,,Data scientist
198,Data scientist,Bombay Play,Bengaluru,Stat,No,,Data scientist
199,Data scientist,Publicis Sapient,Gurgaon,,No,,Data scientist
200,Data scientist,SrinSoft,India,"Data Visualization, Big Data",No,No,Data scientist
201,Data scientist,Pratt & Whitney,Bengaluru,,No,No,Data scientist
202,Data scientist,Salesforce,Hyderabad,,No,,Data scientist
203,Data scientist,iDataLytics,Ernakulam,,No,No,Data scientist
204,Data scientist,Aptus Data LAbs,Bengaluru,,No,,Data scientist
205,Data scientist,Flipkart,Bengaluru,Stat,No,No,Data scientist
206,Data scientist,SPAATech Solutions,India,Data Mining,No,,Data scientist
207,Data scientist,India Bison,Remote,Etl,Yes,,Data scientist
208,Data scientist,Citi,Bengaluru,,No,No,Data scientist
209,Data scientist,LYCUS,Bengaluru,Artificial Intelligence,No,,Data scientist
210,Data scientist,Training Basket,Gautam Budh Nagar,Data Visualization,No,No,Data scientist
211,Data scientist,infoanalytica,Ahmedabad,"Data Mining, Stat",No,No,Data scientist
212,Data scientist,Techvantage Systems,Thiruvananthapuram,,No,,Data scientist
213,Data scientist,Bosch Group,Coimbatore,,No,,Data scientist
214,Data scientist,TALCHEMIST,Bengaluru,,No,,Data scientist
215,Data scientist,Getinz,Bengaluru,,No,,Data scientist
216,Data scientist,Husk Power Systems,Pune,"Data Structure, Etl",No,No,Data scientist
217,Data scientist,Emerging India Group,Noida,,No,No,Data scientist
218,Data scientist,West Pharmaceutical Services,Bengaluru,Stat,No,No,Data scientist
219,Data scientist,FIS Global,Pune,,No,No,Data scientist
220,Data scientist,Mercedes-Benz Research and Development India...,Bengaluru,,No,,Data scientist
221,Data scientist,Prognoz,Remote,,Yes,No,Data scientist
222,Data scientist,Athena,Remote,,Yes,,Data scientist
223,Data scientist,Retisio,Bengaluru,"Data Mining, Etl",No,,Data scientist
224,Data scientist,Crayon Data,India,,No,No,Data scientist
225,Data scientist,Goldman Sachs,Hyderabad,Stat,No,No,Data scientist
226,Data scientist,Maruti Suzuki India Ltd,Bengaluru,,No,,Data scientist
227,Data scientist,Mahindra Teqo,Bengaluru,Big Data,No,,Data scientist
228,Data scientist,Guires Solutions Pvt Ltd,Chennai,Machine Learning,No,,Data scientist
229,Data scientist,Qualcomm,Hyderabad,,No,,Data scientist
230,Data scientist,Ignitho,Chennai,,No,,Data scientist
231,Data scientist,CSG,Hybrid remote in Bengaluru,,Yes,,Data scientist
232,Data scientist,BT Group,Bengaluru,,No,,Data scientist
233,Data scientist,Kpro Solutions,Bengaluru,"Python,  R ",No,No,Data scientist
234,Data scientist,Microsoft,Noida,,No,No,Data scientist
235,Data scientist,66degrees,Remote in Mysore,,Yes,No,Data scientist
236,Data scientist,Gainwell Technologies LLC,Remote in Chennai,Python,Yes,No,Data scientist
237,Data scientist,Neosoft Technologies Pvt.Ltd,Mumbai,Etl,No,,Data scientist
238,Data scientist,qtech,Mumbai,,No,No,Data scientist
239,Data scientist,BigShyft,Gurgaon,Python,No,,Data scientist
240,Data scientist,Citi,Bengaluru,,No,,Data scientist
241,Data scientist,Tredence,India,,No,,Data scientist
242,Data scientist,Oracle,Bengaluru,Data Structure,No,,Data scientist
243,Data scientist,Worldline,Remote in Mumbai,,Yes,,Data scientist
244,Data scientist,Fractal Analytics,Mumbai,Etl,No,,Data scientist
245,Data scientist,JPMorgan Chase & Co,Bengaluru,Machine Learning,No,,Data scientist
246,Data scientist,TCG Digital,Kolkata,,No,No,Data scientist
247,Data scientist,Colruyt IT Consultancy India,Hyderabad,,No,,Data scientist
248,Data scientist,NOKIA,Noida,Deep Learning,No,,Data scientist
249,Data scientist,FloBiz,Bengaluru,Machine Learning,No,No,Data scientist
250,Data scientist,Google,Bengaluru,,No,,Data scientist
251,Data scientist,Accenture,Pune,Python,No,No,Data scientist
252,Data scientist,Butterfly consulting and training,Chennai,,No,,Data scientist
253,Data scientist,Tuebora,Remote,,Yes,,Data scientist
254,Data scientist,Dolby,Bengaluru,,No,,Data scientist
255,Data scientist,Vira Technocrats,Jaipur,Stat,No,No,Data scientist
256,Data scientist,Smartificia Technologies Pvt Ltd,Remote in Coimbatore,,Yes,,Data scientist
257,Data scientist,Publicis Sapient,Gurgaon,,No,,Data scientist
258,Data scientist,KPMG,Gurgaon,,No,No,Data scientist
259,Data scientist,Flipkart,Bengaluru,,No,,Data scientist
260,Data scientist,Capgemini,Chennai,,No,,Data scientist
261,Data scientist,FelixHealthcare.AI,Kondapur,,No,No,Data scientist
262,Data scientist,Intolap,Kolkata,Python,No,,Data scientist
263,Data scientist,Merkle,Pune,,No,,Data scientist
264,Data scientist,Microsoft,Bengaluru,,No,,Data scientist
265,Data scientist,Goldman Sachs,Hyderabad,,No,,Data scientist
266,Data scientist,Zeta Global,Bengaluru,,No,No,Data scientist
267,Data scientist,vDoIT Technologies,Gurgaon,,No,,Data scientist
268,Data scientist,DEWII,Gurgaon,"Machine Learning, Deep Learning, Big Data",No,,Data scientist
269,Data scientist,PubNub,Bengaluru,,No,,Data scientist
270,Data scientist,Moody's,Bengaluru,,No,,Data scientist
271,Data scientist,GroIntern,Remote,Python,Yes,No,Data scientist
272,Data scientist,Foraysoft,Gurgaon,,No,No,Data scientist
273,Data scientist,GVM,Kolkata,Machine Learning,No,,Data scientist
274,Data scientist,L.E.K. Consulting,Mumbai,,No,No,Data scientist
275,Data scientist,PwC,Bengaluru,Machine Learning,No,No,Data scientist
276,Data scientist,Career Soft Solutions,Chennai,Python,No,No,Data scientist
277,Data scientist,Techolution,Remote,Deep Learning,Yes,No,Data scientist
278,Data scientist,AceNgage Infoservices,Bengaluru,Data Mining,No,,Data scientist
279,Data scientist,Navitas Life Sciences,Chennai,,No,,Data scientist
280,Data scientist,BigShyft,Bengaluru,Data Structure,No,,Data scientist
281,Data scientist,Virtusa,Hybrid remote in Chennai,,Yes,No,Data scientist
282,Data scientist,Maruti Suzuki India Ltd,Gurgaon,,No,No,Data scientist
283,Data scientist,ThinkLabs,Hyderabad,,No,,Data scientist
284,Data scientist,Schneider Electric,Bengaluru,,No,,Data scientist
285,Data scientist,Anblicks,Hyderabad,Etl,No,No,Data scientist
286,Data scientist,Eclature Technologies,Hyderabad,"Data Mining, Big Data",No,,Data scientist
287,Data scientist,Ford Motor Company,Chennai,,No,,Data scientist
288,Data scientist,Brave AI Lab,India,"Python, Machine Learning",No,No,Data scientist
289,Data scientist,HP,Bengaluru,Machine Learning,No,,Data scientist
290,Data scientist,Bombay Natural History Society,Mumbai,,No,,Data scientist
291,Data scientist,Oracle,Bengaluru,,No,,Data scientist
292,Data scientist,GSK,Bengaluru,,No,,Data scientist
293,Data scientist,Sanofi,Hyderabad,,No,No,Data scientist
294,Data scientist,Accenture,Hyderabad,,No,,Data scientist
295,Data scientist,Microsoft,Bengaluru,,No,No,Data scientist
296,Data scientist,GLOBALFOUNDRIES,Bengaluru,Machine Learning,No,,Data scientist
297,Data scientist,Splashgain,Pune,,No,,Data scientist
298,Data scientist,ASM Technologies,Bengaluru,,No,No,Data scientist
299,Data scientist,RELX,Gurgaon, Sql ,No,,Data scientist
300,Data scientist,Bristlecone,Mumbai,,No,,Data scientist
301,Data scientist,WIN Home Inspection,Remote in New Delhi,,Yes,,Data scientist
302,Data scientist,BigShyft,Noida,,No,No,Data scientist
303,Data scientist,Ispeck Digital Solutions,Salt Lake,Python,No,No,Data scientist
304,Data scientist,Transorg Analytics,Remote in Gurgaon,Data Mining,Yes,No,Data scientist
305,Data scientist,Riddhi Siddhi Career Point,Noida,Machine Learning,No,,Data scientist
306,Data scientist,Innomatics Research Labs,Hyderabad,,No,,Data scientist
307,Data scientist,ARMMAN,New Delhi,,No,,Data scientist
308,Data scientist,myOnsite Healthcare LLC,Vadodara,,No,,Data scientist
309,Data scientist,LNC Enterprises,Gurgaon,"Data Visualization, Stat",No,No,Data scientist
310,Data scientist,Navalt,Kochi,,No,No,Data scientist
311,Data scientist,Risk Management Solutions (RMS),Noida,,No,,Data scientist
312,Data scientist,Novartis,Hyderabad District,,No,No,Data scientist
313,Data scientist,Stellar Data Recovery,Gurgaon,Data Structure,No,,Data scientist
314,Data scientist,Google,Bengaluru,,No,Yes,Data scientist
315,Data scientist,JPMorgan Chase & Co,Bengaluru,,No,,Data scientist
316,Data scientist,Prepladder,Chandigarh,,No,No,Data scientist
317,Data scientist,Cloud tech Mind Solutions,Chennai,,No,,Data scientist
318,Data scientist,GenieTalk,Indore,Python,No,,Data scientist
319,Data scientist,MSD,Pune,"Big Data, Stat",No,,Data scientist
320,Data scientist,Affine,Bengaluru,,No,No,Data scientist
321,Data scientist,BPrise,Mumbai,"Python, Data Mining",No,No,Data scientist
322,Data scientist,KPMG,Bengaluru,"Big Data, AI",No,,Data scientist
323,Data scientist,Tokopedia,Hyderabad,,No,,Data scientist
324,Data scientist,Abzooba,Pune,Machine Learning,No,,Data scientist
325,Data scientist,Sekel Tech (India),India,Python,No,No,Data scientist
326,Data scientist,Citi,Bengaluru,,No,,Data scientist
327,Data scientist,Blue Yonder,Bengaluru,Deep Learning,No,,Data scientist
328,Data scientist,Futurism,India,"Data Visualization, Preprocessing",No,,Data scientist
329,Data scientist,Novo Nordisk,Bengaluru,,No,No,Data scientist
330,Data scientist,KPI Partners,Hyderabad,"Python, Machine Learning",No,No,Data scientist
331,Data scientist,Mastercard,Gurgaon,Data Mining,No,No,Data scientist
332,Data scientist,Mercedes-Benz Research and Development India...,Bengaluru,,No,,Data scientist
333,Data scientist,Digital Green,Delhi,,No,,Data scientist
334,Data scientist,Brandmuscle,Bengaluru,,No,,Data scientist
335,Data scientist,Wipro Limited,Bengaluru,Machine Learning,No,,Data scientist
336,Data scientist,Veniso Solutions,Hyderabad,Data Visualization,No,,Data scientist
337,Data scientist,Siemens Healthineers,Bengaluru,,No,No,Data scientist
338,Data scientist,Gramener,Bengaluru,Preprocessing,No,,Data scientist
339,Data scientist,Kwalee,Hybrid remote in Bengaluru,,Yes,,Data scientist
340,Data scientist,Citta Solutions,Remote,"Data Structure, Big Data",Yes,No,Data scientist
341,Data scientist,Franklin Templeton Investments,Hyderabad,,No,,Data scientist
342,Data scientist,Apptio,Bengaluru,,No,No,Data scientist
343,Data scientist,UniConverge Technologies Pvt. Ltd.,Gautam Budh Nagar,Machine Learning,No,,Data scientist
344,Data scientist,WalkingTree Technologies,Agra,,No,,Data scientist
345,Data scientist,Data Axle,Pune,Machine Learning,No,No,Data scientist
346,Data scientist,Smart Ship,Pune,,No,,Data scientist
347,Data scientist,Aumnux,Kolkata,,No,,Data scientist
348,Data scientist,Paladin Cyber,Remote in Bengaluru,,Yes,,Data scientist
349,Data scientist,Intuit,Bengaluru,Etl,No,,Data scientist
350,Data scientist,HEAL Software,Bengaluru,,No,No,Data scientist
351,Data scientist,Global Employees,Remote,,Yes,,Data scientist
352,Data scientist,Litmus7,Kochi,,No,,Data scientist
353,Data scientist,Crypto Mize,Delhi,Data Mining,No,,Data scientist
354,Data scientist,METRO Global Solution Center IN,Pune,,No,,Data scientist
355,Data scientist,Arsh Biotech,India,,No,,Data scientist
356,Data scientist,Surya Systems,Bengaluru,Data Mining,No,No,Data scientist
357,Data scientist,InitiateFirst.,Hyderabad,,No,No,Data scientist
358,Data scientist,Winning Edge,Bengaluru,,No,No,Data scientist
359,Data scientist,NetApp,Bengaluru,,No,No,Data scientist
360,Data scientist,Business Brio,Kolkata,Machine Learning,No,No,Data scientist
361,Data scientist,Spinny,Gurgaon,Data Mining,No,,Data scientist
362,Data scientist,groww,Bengaluru,"Machine Learning, Big Data",No,,Data scientist
363,Data scientist,IQVIA,Mumbai,,No,,Data scientist
364,Data scientist,BigShyft,Gurgaon,Data Structure,No,,Data scientist
365,Data scientist,Maersk,Bengaluru,,No,,Data scientist
366,Data scientist,BIG IT JOBS,India,"Python,  R , Big Data",No,,Data scientist
367,Data scientist,BigShyft,Gurgaon,,No,,Data scientist
368,Data scientist,BBS,Hybrid remote in Noida,,Yes,,Data scientist
369,Data scientist,UnitedHealthcare,Hyderabad,,No,,Data scientist
370,Data scientist,Publicis Sapient,Bengaluru,,No,No,Data scientist
371,Data scientist,JPMorgan Chase & Co,Mumbai,,No,,Data scientist
372,Data scientist,GUVI GEEK NETWORK PRIVATE LIMITED,Chennai,,No,,Data scientist
373,Data scientist,CSC (Corporation Service Company),Bengaluru, Sql ,No,,Data scientist
374,Data scientist,Infor,Hyderabad,Stat,No,,Data scientist
375,Data scientist,Tiger Analytics,Bengaluru,AI,No,,Data scientist
376,Data scientist,QUBIT AI,Hyderabad,,No,,Data scientist
377,Data scientist,IQVIA,Bengaluru,,No,,Data scientist
378,Data scientist,Havas Group,Mumbai,,No,,Data scientist
379,Data scientist,Techneplus,Bengaluru,,No,,Data scientist
380,Data scientist,Sanofi,Hyderabad,,No,No,Data scientist
381,Data scientist,Sony Electronics,Bengaluru,,No,No,Data scientist
382,Data scientist,Funding Societies | Modalku Group,Remote in Bengaluru,Stat,Yes,,Data scientist
383,Data scientist,Equifax,Mumbai,Etl,No,,Data scientist
384,Data scientist,MSD,Pune,Dashboard,No,,Data scientist
385,Data scientist,NeGD,Delhi,,No,,Data scientist
386,Data scientist,Mercedes-Benz Research and Development India...,Bengaluru,,No,,Data scientist
387,Data scientist,FinAcPlus,Hyderabad,Data Mining,No,,Data scientist
388,Data scientist,NEAR,Bengaluru,,No,,Data scientist
389,Data scientist,NSIGHT Consulting Group Pvt Ltd,Remote in Gurgaon,,Yes,,Data scientist
390,Data scientist,Eoraa & Co.,New Delhi,Python,No,,Data scientist
391,Data scientist,Directi,Mumbai,,No,No,Data scientist
392,Data scientist,Ethnotech Academy,Bengaluru,"Python, Machine Learning, Deep Learning",No,,Data scientist
393,Data scientist,Moody's,Bengaluru,,No,,Data scientist
394,Data scientist,Lilly,Bengaluru,Machine Learning,No,,Data scientist
395,Data scientist,Zessta,Hyderabad,Data Structure,No,,Data scientist
396,Data scientist,Cloudare Technologies Private Limited,Remote,,Yes,,Data scientist
397,Data scientist,Affine,Bengaluru,,No,,Data scientist
398,Data scientist,BOEING,Bengaluru,,No,,Data scientist
399,Data scientist,Assetmonk,India,Deployment,No,,Data scientist
400,Data scientist,Amex,Gurgaon,"Machine Learning, Stat",No,No,Data scientist
401,Data scientist,Perfect eLearning,Chennai,,No,No,Data scientist
402,Data scientist,Ockenden Investments PTE LTD.,Remote in Bengaluru,,Yes,,Data scientist
403,Data scientist,Accenture,Bengaluru,,No,,Data scientist
404,Data scientist,Cisco Systems,Bengaluru,,No,No,Data scientist
405,Data scientist,Fractal Analytics,Mumbai,Python,No,No,Data scientist
406,Data scientist,Juniper Networks,Bengaluru,,No,No,Data scientist
407,Data scientist,CloudMoyo,Pune,"Data Visualization, Big Data",No,No,Data scientist
408,Data scientist,Risk Management Solutions,Noida,,No,,Data scientist
409,Data scientist,Bosch Group,Bengaluru,,No,,Data scientist
410,Data scientist,Racanaa Energy,Bengaluru,Data Mining,No,No,Data scientist
411,Data scientist,Draup,Bengaluru,Machine Learning,No,,Data scientist
412,Data scientist,HP,Bengaluru,,No,,Data scientist
413,Data scientist,Persistent Systems,India,Python,No,No,Data scientist
414,Data scientist,NICE Systems,Pune,,No,,Data scientist
415,Data scientist,Accenture,Bengaluru,,No,No,Data scientist
416,Data scientist,CognitiveCare,Remote,,Yes,,Data scientist
417,Data scientist,Kanerika Software,Hyderabad,,No,,Data scientist
418,Data scientist,Bosch Group,Hyderabad,,No,No,Data scientist
419,Data scientist,Helius Technologies,India,,No,,Data scientist
420,Data scientist,GSK,Bengaluru,,No,,Data scientist
421,Data scientist,Shri Vile Parle Kelavani Mandal,Mumbai,,No,No,Data scientist
422,Data scientist,Carrier,Hyderabad,,No,,Data scientist
423,Data scientist,Baker Hughes,Mumbai,,No,,Data scientist
424,Data scientist,UST,Hyderabad,,No,,Data scientist
425,Data scientist,InfoDriven Solutions Pvt. Ltd.,Delhi,,No,,Data scientist
426,Data scientist,NeoStats,Bengaluru,,No,No,Data scientist
427,Data scientist,Cogoport,Mumbai,,No,,Data scientist
428,Data scientist,Virtue Analytics,Lucknow,,No,,Data scientist
429,Data scientist,Hemas Enterprises Private Limited,Chennai,Data Mining,No,,Data scientist
430,Data scientist,The Modern Dimension,Bengaluru,"Machine Learning, Stat",No,,Data scientist
431,Data scientist,Parity InfoTech Solutions Pvt. Ltd.,Anand Vihar,,No,,Data scientist
432,Data scientist,Arista Networks,Pune,,No,,Data scientist
433,Data scientist,DISCO,Gurgaon, Sql ,No,,Data scientist
434,Data scientist,Philips,Hybrid remote in Pune,,Yes,,Data scientist
435,Data scientist,Travel Centric Technology,Bengaluru, Sql ,No,,Data scientist
436,Data scientist,Blackstraw,Chennai,"Data Visualization, Preprocessing",No,,Data scientist
437,Data scientist,Modus ETP,Remote,,Yes,No,Data scientist
438,Data scientist,Boston Consulting Group,New Delhi,,No,No,Data scientist
439,Data scientist,TechieShubhdeep IT Solutions Pvt. Ltd,Gwalior,,No,,Data scientist
440,Data scientist,BNC,Pune,,No,,Data scientist
441,Data scientist,Kalpataru Computer Services,Mumbai,,No,No,Data scientist
442,Data scientist,Miracle Software Systems,India,,No,,Data scientist
443,Data scientist,Nexval Infotech,Kolkata,,No,No,Data scientist
444,Data scientist,CereSight,Remote in India,Big Data,Yes,No,Data scientist
445,Data scientist,EY,Gurgaon,Data Structure,No,,Data scientist
446,Data scientist,ASPB Services Pvt Ltd,Chennai,Data Structure,No,,Data scientist
447,Data scientist,Aays,Gurgaon,,No,,Data scientist
448,Data scientist,KnowledgeHut,Remote,Stat,Yes,No,Data scientist
449,Data scientist,Colgate-Palmolive,Mumbai,,No,,Data scientist
450,Data scientist,"Tangoe US,Inc",Bengaluru,Big Data,No,No,Data scientist
451,Data scientist,Microsoft,Hyderabad,,No,,Data scientist
452,Data scientist,Motorola Solutions,Bengaluru,,No,,Data scientist
453,Data scientist,Redgrape Business Services,Chennai,,No,,Data scientist
454,Data scientist,Moonpreneur,Gurgaon,,No,No,Data scientist
455,Data scientist,Place Technology,Jaipur,,No,,Data scientist
456,Data scientist,Revol Process Solutions,Chennai,Machine Learning,No,No,Data scientist
457,Data scientist,Sun Life,Gurgaon,,No,No,Data scientist
458,Data scientist,Thermo Fisher Scientific,Bengaluru,Data Visualization,No,,Data scientist
459,Data scientist,Ralph Lauren,Bengaluru,Etl,No,,Data scientist
460,Data scientist,IBM,Pune,Etl,No,No,Data scientist
461,Data scientist,Crypto Mize,Delhi,,No,,Data scientist
462,Data scientist,EY,Kochi,,No,No,Data scientist
463,Data scientist,PwC,Bengaluru,"Python, Machine Learning",No,,Data scientist
464,Data scientist,"CloudPlinth, Inc.",Warangal,Data Mining,No,,Data scientist
465,Data scientist,"Epiq Systems, Inc.",Hyderabad,,No,,Data scientist
466,Data scientist,NMS Consultant,Delhi,Big Data,No,,Data scientist
467,Data scientist,Chandigarh University,Mohali,,No,,Data scientist
468,Data scientist,Supply Wisdom,Remote,,Yes,,Data scientist
469,Data scientist,MNJ Software,Remote,,Yes,,Data scientist
470,Data scientist,Rhinexa-IT Solutions & Services,Hyderabad,,No,,Data scientist
471,Data scientist,Agiliad,India,,No,,Data scientist
472,Data scientist,RELX,Remote in Chennai, Sql ,Yes,No,Data scientist
473,Data scientist,Webority Technologies,Gurgaon,Python,No,,Data scientist
474,Data scientist,Accenture,Bengaluru,Stat,No,,Data scientist
475,Data scientist,Ameriprise India,Gurgaon,,No,,Data scientist
476,Data scientist,Techtiera Sdn Bhd,Bengaluru,,No,No,Data scientist
477,Data scientist,Zuddl,Remote,Data Structure,Yes,,Data scientist
478,Data scientist,Microsoft,India,,No,No,Data scientist
479,Data scientist,Microsoft,Bengaluru,,No,,Data scientist
480,Data scientist,Astegic,India,Big Data,No,No,Data scientist
481,Data scientist,PayPal,Chennai,"Data Mining, Stat",No,No,Data scientist
482,Data scientist,fifthnote,Chandigarh,Python,No,No,Data scientist
483,Data scientist,Novotech Asia,Bengaluru,,No,,Data scientist
484,Data scientist,Capleo Global Solutions Pvt LTD,Bengaluru,Etl,No,No,Data scientist
485,Data scientist,Apsidata,Noida,,No,No,Data scientist
486,Data scientist,GE Healthcare,Bengaluru,,No,,Data scientist
487,Data scientist,Recode Minds,Hyderabad,"Python, Stat",No,No,Data scientist
488,Data scientist,Colgate-Palmolive,Mumbai,Deployment,No,,Data scientist
489,Data scientist,Transorg Analytics,Gurgaon,Machine Learning,No,No,Data scientist
490,Data scientist,BDIPlus,Bengaluru,,No,,Data scientist
491,Data scientist,Proclink,Ahmedabad,"Python,  R ",No,No,Data scientist
492,Data scientist,IBM,Ahmedabad,,No,,Data scientist
493,Data scientist,Navit Software Solutions,Hyderabad,,No,,Data scientist
494,Data scientist,Deloitte,Bengaluru,,No,No,Data scientist
495,Data scientist,PwC,Bengaluru,Machine Learning,No,No,Data scientist
496,Data scientist,BNC,Mumbai,,No,No,Data scientist
497,Data scientist,Net Connect,Mumbai,,No,,Data scientist
498,Data scientist,Wells Fargo,Hyderabad,,No,No,Data scientist
499,Data scientist,Boston Consulting Group,Bengaluru,,No,,Data scientist
500,Data scientist,Affine,Bengaluru,,No,,Data scientist
501,Data scientist,Hitachi Solutions,Bengaluru,Machine Learning,No,,Data scientist
502,Data scientist,Instem,Pune,,No,,Data scientist
503,Data scientist,Ispeck Digital Solutions,Salt Lake,,No,No,Data scientist
504,Data scientist,Virtusa,Hybrid remote in Pune,,Yes,,Data scientist
505,Data scientist,Axis My India,Mumbai,Stat,No,,Data scientist
506,Data scientist,Mastercard,Pune,Python,No,No,Data scientist
507,Data scientist,Censius,India,Stat,No,,Data scientist
508,Data scientist,StoneX Group,Bengaluru,Big Data,No,,Data scientist
509,Data scientist,White Mastery Systems,Chennai,,No,,Data scientist
510,Data scientist,Canopas,Surat,Data Structure,No,,Data scientist
511,Data scientist,Husk Power Systems,Pune,,No,No,Data scientist
512,Data scientist,Certara,Secunderabad," R , Stat",No,,Data scientist
513,Data scientist,Dream Sports Group,Mumbai,,No,No,Data scientist
514,Data scientist,Tokopedia,Hyderabad,,No,,Data scientist
515,Data scientist,Sanskruti Solutions,Powai,,No,,Data scientist
516,Data scientist,Manuh Solutions,Bengaluru,,No,,Data scientist
517,Data scientist,Vizva Pvt Ltd,Ahmedabad,,No,,Data scientist
518,Data scientist,Capgemini Engineering,Chennai,,No,,Data scientist
519,Data scientist,Kanerika Software,Hyderabad,,No,,Data scientist
520,Data scientist,Wangoes Technologies,Indore,,No,,Data scientist
521,Data scientist,AiDash,Bengaluru,,No,,Data scientist
522,Data scientist,Citi,Chennai,,No,,Data scientist
523,Data scientist,SenRa Tech,Delhi,,No,,Data scientist
524,Data scientist,Stats Perform,India,Machine Learning,No,,Data scientist
525,Data scientist,ANB Global,Andheri,,No,No,Data scientist
526,Data scientist,Infor,Hyderabad,,No,,Data scientist
527,Data scientist,Intuit,Bengaluru,,No,No,Data scientist
528,Data scientist,iTDAY India,Remote in Bengaluru,,Yes,,Data scientist
529,Data scientist,Tridiagonal Solutions,Pune,,No,,Data scientist
530,Data scientist,ITOrizon,Bengaluru,,No,,Data scientist
531,Data scientist,SatSure Analytics India,Bengaluru,Preprocessing,No,,Data scientist
532,Data scientist,String Bio,Bengaluru,Data Visualization,No,No,Data scientist
533,Data scientist,SRM Technologies,Chennai,,No,,Data scientist
534,Data scientist,Truecaller,Bengaluru,,No,,Data scientist
535,Data scientist,Greentech Environ Management Pvt. Ltd,Kolkata,,No,,Data scientist
536,Data scientist,Genzeon India,Pune,"Python, Stat",No,No,Data scientist
537,Data scientist,"Magus Infotech India Pvt. Ltd.,",Navi Mumbai,Python,No,,Data scientist
538,Data scientist,Convera,Remote in Pune,,Yes,,Data scientist
539,Data scientist,mPower Software Services,Bengaluru,,No,,Data scientist
540,Data scientist,SIGMOID,Bengaluru,,No,No,Data scientist
541,Data scientist,KPC Medical College & Hospital,Jadavpur,,No,,Data scientist
542,Data scientist,Ather Energy,Bengaluru,,No,,Data scientist
543,Data scientist,The White Willow,Vadodara,,No,,Data scientist
544,Data scientist,Accenture,Mumbai,,No,,Data scientist
545,Data scientist,KnowDis,New Delhi,"Python, Machine Learning",No,No,Data scientist
546,Data scientist,"Council on Energy, Environment and Water",New Delhi,"Python, Stat",No,No,Data scientist
547,Data scientist,Bristol Myers Squibb,Hyderabad,,No,,Data scientist
548,Data scientist,Maruti Suzuki India Ltd,Gurgaon,,No,,Data scientist
549,Data scientist,NetConnect Private Limited,Bengaluru,,No,,Data scientist
550,Data scientist,Marktine Technology Solutions,Remote,,Yes,No,Data scientist
551,Data scientist,HiringCruise Pvt. Ltd.,New Delhi,Preprocessing,No,No,Data scientist
552,Data scientist,Novartis,Hyderabad District,"Data Structure, Stat",No,No,Data scientist
553,Data scientist,Pragra,Remote in Noida,,Yes,,Data scientist
554,Data scientist,Great Data Solutions India P Ltd,Hyderabad,,No,,Data scientist
555,Data scientist,d-Matrix,Remote,"Python, Data Structure",Yes,,Data scientist
556,Data scientist,Servilink System,Vadodara,,No,,Data scientist
557,Data scientist,Globals Inc.,Bengaluru,,No,,Data scientist
558,Data scientist,Publicis Sapient,Gurgaon,,No,,Data scientist
559,Data scientist,Datafoundry,Bengaluru,,No,,Data scientist
560,Data scientist,Galytix,Gurgaon,,No,No,Data scientist
561,Data scientist,BigShyft,Bengaluru,Data Structure,No,,Data scientist
562,Data scientist,Torm,Mumbai,,No,,Data scientist
563,Data scientist,Accenture,India,,No,No,Data scientist
564,Data scientist,Tanla Solutions,Madhapur,,No,No,Data scientist
565,Data scientist,Quidich innovation Labs,Mumbai,,No,,Data scientist
566,Data scientist,TIAA,Pune,Data Mining,No,,Data scientist
567,Data scientist,Stylumia Intelligence Technology,Bengaluru,,No,,Data scientist
568,Data scientist,Boston Consulting Group,Bengaluru,,No,,Data scientist
569,Data scientist,Intercax,Remote,,Yes,,Data scientist
570,Data scientist,Kyndryl,Bengaluru,,No,No,Data scientist
571,Data scientist,ADCI - BLR - DTA,Bengaluru,Stat,No,No,Data scientist
572,Data scientist,Dun & Bradstreet,Remote in Hyderabad,,Yes,,Data scientist
573,Data scientist,Colgate-Palmolive,Mumbai,,No,,Data scientist
574,Data scientist,Eaton,Pune,,No,No,Data scientist
575,Data scientist,BMB Group,Remote,,Yes,No,Data scientist
576,Data scientist,Ford Motor Company,Chennai, Sql ,No,,Data scientist
577,Data scientist,Siemens Gamesa Renewable Energy,Bengaluru,,No,,Data scientist
578,Data scientist,BTree Research Services,Nagercoil,"Data Mining, Stat",No,No,Data scientist
579,Data scientist,Helius Technologies,Remote in India,Big Data,Yes,No,Data scientist
580,Data scientist,IQVIA,Bengaluru,,No,,Data scientist
581,Data scientist,GEEKRABIT PRIVATE LIMITED,Mumbai,Etl,No,,Data scientist
582,Data scientist,iTDAY India,Bengaluru,Data Mining,No,No,Data scientist
583,Data scientist,Codvo.ai,Remote,,Yes,,Data scientist
584,Data scientist,Precognitas Health,Delhi,,No,,Data scientist
585,Data scientist,Baker Hughes,Mumbai,,No,No,Data scientist
586,Data scientist,PTS Consulting Services,Kolkata,"Data Visualization, Data Mining",No,,Data scientist
587,Data scientist,Nathan Research,Chennai,Stat,No,,Data scientist
588,Data scientist,Boston Consulting Group,New Delhi,,No,No,Data scientist
589,Data scientist,Risk Management Solutions (RMS),Noida,,No,,Data scientist
590,Data scientist,PwC,Bengaluru,,No,,Data scientist
591,Data scientist,Blackbuck,Bengaluru,,No,,Data scientist
592,Data scientist,Astrotech India,Nagpur,,No,,Data scientist
593,Data scientist,visionyle solutions,Remote,,Yes,,Data scientist
594,Data scientist,FactSet Research Systems,Hyderabad, Sql ,No,No,Data scientist
595,Data scientist,Gnani Innovations,Bengaluru,,No,No,Data scientist
596,Data scientist,Hilabs,Bengaluru,,No,,Data scientist
597,Data scientist,Intercontinental Exchange,Remote in Hyderabad,Stat,Yes,,Data scientist
598,Data scientist,Publicis Sapient,Bengaluru,Preprocessing,No,,Data scientist
599,Data scientist,Shri Vile Parle Kelavani Mandal,Mumbai,,No,,Data scientist
600,Data scientist,Black & White Business Solutions,Bengaluru,,No,,Data scientist
601,Data scientist,Bosch Group,Bengaluru,Python,No,,Data scientist
602,Data scientist,Mayabious Art,Kolkata,,No,,Data scientist
603,Data scientist,Technovert,Hyderabad,Data Mining,No,No,Data scientist
604,Data scientist,Tata Insights and Quants,Mumbai,"Python, Stat",No,No,Data scientist
605,Data scientist,Azimetry Solution Pvt. Ldt,Bhubaneshwar,,No,,Data scientist
606,Data scientist,Bristol Myers Squibb,Hyderabad,,No,,Data scientist
607,Data scientist,Mango Sciences,Bengaluru,,No,No,Data scientist
608,Data scientist,Accenture,Bengaluru,,No,,Data scientist
609,Data scientist,Mindpool TECHN0L0GY,Pune,,No,,Data scientist
610,Data scientist,Life Technologies,Delhi,,No,,Data scientist
611,Data scientist,SuperLabs,Coimbatore,,No,,Data scientist
612,Data scientist,A5 Labs,Remote,Python,Yes,No,Data scientist
613,Data scientist,Valiance Solutions,Remote in Noida,,Yes,,Data scientist
614,Data scientist,Parati,Remote in Haryana,,Yes,,Data scientist
615,Data scientist,Synopsys,Hyderabad,,No,No,Data scientist
616,Data scientist,Business Brio,Kolkata,,No,,Data scientist
617,Data scientist,Mercedes-Benz Research and Development India...,Bengaluru,Python,No,,Data scientist
618,Data scientist,Pluto7,Remote,Data Visualization,Yes,,Data scientist
619,Data scientist,Findability Sciences,India,,No,No,Data scientist
620,Data scientist,Spark TG,Gautam Budh Nagar,,No,,Data scientist
621,Data scientist,Autodesk,Bengaluru,,No,No,Data scientist
622,Data scientist,Goalreify,Bengaluru,Stat,No,,Data scientist
623,Data scientist,Prajosh technologies,Hyderabad,,No,No,Data scientist
624,Data scientist,Nissan,Thiruvananthapuram,Etl,No,No,Data scientist
625,Data scientist,PwC,Bengaluru,Machine Learning,No,No,Data scientist
626,Data scientist,Boston Consulting Group,Bengaluru,,No,,Data scientist
627,Data scientist,Zelis,Hyderabad,"Machine Learning, Stat, Artificial Intelligence",No,,Data scientist
628,Data scientist,Avery Dennison,Pune,,No,,Data scientist
629,Data scientist,MABZONE TECHNOLOGIES PRIVATE LIMITED,Mohali,,No,,Data scientist
630,Data scientist,Smart Ship,Pune,,No,,Data scientist
631,Data scientist,CityLink Technology Solutions,Pune,,No,No,Data scientist
632,Data scientist,Talentica Software India,Pune,Machine Learning,No,,Data scientist
633,Data scientist,Tier5 Technology Solutions Pvt. Ltd,Kolkata,,No,,Data scientist
634,Data scientist,DataEconomy,Hyderabad,Data Mining,No,No,Data scientist
635,Data scientist,Saven Technologies,Hyderabad,,No,No,Data scientist
636,Data scientist,ACE Talent Consulting,Bengaluru,"Python, Machine Learning, AI",No,,Data scientist
637,Data scientist,Unicoder,Bengaluru,Python,No,,Data scientist
638,Data scientist,HERE AND NOW - The French Institute,Chennai,,No,,Data scientist
639,Data scientist,Trinity Life Sciences,Bengaluru,,No,No,Data scientist
640,Data scientist,ValueAdd Research & Analytics Solutions,Bengaluru,,No,,Data scientist
641,Data scientist,Awapal Solutions,Remote in Noida,,Yes,,Data scientist
642,Data scientist,Mercedes-Benz Research and Development India...,Bengaluru,Python,No,,Data scientist
643,Data scientist,IBM,Bengaluru,,No,,Data scientist
644,Data scientist,Citi,Chennai,,No,,Data scientist
645,Data scientist,EY,Kochi,"Python, Machine Learning,  R ",No,No,Data scientist
646,Data scientist,Coolboots Media Pvt Ltd,Gurgaon,,No,,Data scientist
647,Data scientist,Etraveli Group,Pune,,No,No,Data scientist
648,Data scientist,Publicis Sapient,Bengaluru,,No,,Data scientist
649,Data scientist,Ultimez,Hubli,,No,,Data scientist
650,Data scientist,Mercedes-Benz Research and Development India...,Bengaluru,Big Data,No,,Data scientist
651,Data scientist,Sciera,Chennai,"Data Mining, Stat",No,No,Data scientist
652,Data scientist,PwC,Bengaluru,Machine Learning,No,No,Data scientist
653,Data scientist,mobio solutions,Remote,"Data Mining, Stat",Yes,,Data scientist
654,Data scientist,Aveva,Hyderabad,,No,,Data scientist
655,Data scientist,KAS Group Asia (KGA),Gurgaon,Dashboard,No,,Data scientist
656,Data scientist,Evermore Industries India Private Ltd.,Chennai,,No,,Data scientist
657,Data scientist,Recruise India Consulting Pvt Ltd,Chennai,,No,,Data scientist
658,Data scientist,Tredence,India,,No,,Data scientist
659,Data scientist,Siemens,Bengaluru,,No,,Data scientist
660,Data scientist,"Kennametal, Inc.",Bengaluru,,No,,Data scientist
661,Data scientist,Tecnolynx,Hyderabad,Python,No,,Data scientist
662,Data scientist,Sciffer,Baner,,No,,Data scientist
663,Data scientist,Decision Point,Gurgaon,,No,No,Data scientist
664,Data scientist,Intercontinental Exchange,Remote in Hyderabad,,Yes,,Data scientist
665,Data scientist,AiRo Digital Labs,Remote in Gurgaon,Data Visualization,Yes,No,Data scientist
666,Data scientist,The Ballot House,Jaipur,"Python, Stat",No,No,Data scientist
667,Data scientist,cocentrus,Gurgaon,,No,,Data scientist
668,Data scientist,Boston Consulting Group,New Delhi,,No,No,Data scientist
669,Data scientist,NetApp,Bengaluru,Python,No,No,Data scientist
670,Data scientist,Boston Consulting Group,New Delhi,,No,No,Data scientist
671,Data scientist,Publicis Sapient,Bengaluru,,No,,Data scientist
672,Data scientist,Convera,Remote in Pune,,Yes,No,Data scientist
673,Data scientist,Convera,Pune,,No,No,Data scientist
674,Data scientist,Boston Consulting Group,New Delhi,,No,,Data scientist
675,Data scientist,Bristol Myers Squibb,Hyderabad,,No,,Data scientist
0,ML Engineer,LanceTech Solutions Pvt Ltd,Agra,Computer Vision,No,No,ML engineer
1,ML Engineer,LanceTech Solutions Pvt Ltd,Agra,Computer Vision,No,No,ML engineer
2,ML Engineer,Google,Bengaluru,"Deep Learning, Tensorflow",No,No,ML engineer
3,ML Engineer,PMAM Corporation,Marol,,No,,ML engineer
4,ML Engineer,Mercedes-Benz Research and Development India...,Bengaluru,"Computer Vision, Neural Network",No,,ML engineer
5,ML Engineer,Ascendeum,Bengaluru,,No,,ML engineer
6,ML Engineer,Lytx,India,Computer Vision,No,,ML engineer
7,ML Engineer,Skit.ai,Bengaluru,,No,,ML engineer
8,ML Engineer,Aidaptive,Remote in India,"Deep Learning, Tensorflow, Deployment",Yes,No,ML engineer
9,ML Engineer,CodiniX,Remote in Noida,,Yes,,ML engineer
10,ML Engineer,SatSure Analytics India,Bengaluru,Ai,No,,ML engineer
11,ML Engineer,Level AI,Remote in India,"Ai, Deployment",Yes,,ML engineer
12,ML Engineer,Accenture,Hyderabad,"Deep Learning, Ai",No,,ML engineer
13,ML Engineer,Mangtas,Hyderabad,"Python, Deployment",No,,ML engineer
14,ML Engineer,SISL Infotech,India,,No,No,ML engineer
15,ML Engineer,Intercontinental Exchange,Remote in Hyderabad,"Excel, Ai, Neural Network",Yes,,ML engineer
16,ML Engineer,OptiSol,Chennai,"Python, Tensorflow, Pytorch",No,,ML engineer
17,ML Engineer,Founding Teams,Remote,,Yes,No,ML engineer
18,ML Engineer,Kotai Electronics Pvt Ltd,Kolkata,Deployment,No,No,ML engineer
19,ML Engineer,Zscaler,Bengaluru,"Tensorflow, Pytorch",No,No,ML engineer
20,ML Engineer,Predictive Research,Bengaluru,"Big Data, Ai, Neural Network",No,,ML engineer
21,ML Engineer,HIRINGNINJA,Bengaluru,Ai,No,,ML engineer
22,ML Engineer,d-Matrix,Remote,"Deep Learning, Pytorch",Yes,,ML engineer
23,ML Engineer,DentalDost,Pune,,No,No,ML engineer
24,ML Engineer,IDfy,Mumbai,Deep Learning,No,No,ML engineer
25,ML Engineer,Verizon,Remote in Chennai,Deployment,Yes,,ML engineer
26,ML Engineer,Somnetics,Kolkata,"Deep Learning, Ai, Neural Network",No,,ML engineer
27,ML Engineer,Tekolutions.ai,Mumbai,,No,,ML engineer
28,ML Engineer,Zycus,Pune,Ai,No,,ML engineer
29,ML Engineer,Attain.ai,Remote,,Yes,,ML engineer
30,ML Engineer,Anantadrishti Technologies,Lucknow,"Deep Learning, Computer Vision",No,No,ML engineer
31,ML Engineer,ixigo,Gurgaon,"Deep Learning, Nlp",No,,ML engineer
32,ML Engineer,AssetOne,Pune,"Stat, Deployment",No,No,ML engineer
33,ML Engineer,Tredence,India,,No,,ML engineer
34,ML Engineer,Client of Wish-WAS,Bengaluru,,No,,ML engineer
35,ML Engineer,Helius Technologies,India,Ai,No,,ML engineer
36,ML Engineer,ICS Consultancy Services,Hyderabad,,No,,ML engineer
37,ML Engineer,Capgemini,Noida,Deployment,No,,ML engineer
38,ML Engineer,Zuma,Bengaluru,"Python, Tensorflow, Pytorch",No,,ML engineer
39,ML Engineer,Adobe,Noida,Deep Learning,No,,ML engineer
40,ML Engineer,DeepEdge,Hyderabad,,No,No,ML engineer
41,ML Engineer,Pattern Effects Labs,Bengaluru,"Big Data, Ai",No,,ML engineer
42,ML Engineer,Midas Fintech Solutions Private Limited,Dadar,Deployment,No,No,ML engineer
43,ML Engineer,Pattern,Baner,Ai,No,,ML engineer
44,ML Engineer,Google,Bengaluru,,No,,ML engineer
45,ML Engineer,IDfy,Mumbai,,No,,ML engineer
46,ML Engineer,Minna Technologies,Hybrid remote in Bengaluru,Ai,Yes,No,ML engineer
47,ML Engineer,SatSure Analytics India,Bengaluru,Deep Learning,No,No,ML engineer
48,ML Engineer,Eagle Eye Networks Inc,Bengaluru,"Ai, Neural Network",No,No,ML engineer
49,ML Engineer,Mindkosh Technologies,Delhi,Ai,No,,ML engineer
50,ML Engineer,MariApps Marine Solutions,Kochi," Sql , Excel",No,No,ML engineer
51,ML Engineer,Mercedes-Benz Research and Development India...,Bengaluru,Neural Network,No,,ML engineer
52,ML Engineer,Netradyne India,Bengaluru,Ai,No,,ML engineer
53,ML Engineer,Luein Analytics,Remote,Ai,Yes,,ML engineer
54,ML Engineer,Samyak Infotech,Ahmedabad,"Deep Learning, Tensorflow, Pytorch, Stat, Nlp",No,,ML engineer
55,ML Engineer,Harman International,Bengaluru,,No,,ML engineer
56,ML Engineer,IDENISYSS SOFTWARE SOLUTIONS PVT LTD,Hyderabad,,No,,ML engineer
57,ML Engineer,Vira Technocrats,Jaipur,Deep Learning,No,No,ML engineer
58,ML Engineer,True Data Software,Remote in Pune,,Yes,No,ML engineer
59,ML Engineer,Informatica,Bengaluru,,No,,ML engineer
60,ML Engineer,Pixis,Bengaluru,Ai,No,,ML engineer
61,ML Engineer,Megdap Innovation Labs,Pune,"Stat, Nlp",No,No,ML engineer
62,ML Engineer,Aera Technology,Pune,,No,No,ML engineer
63,ML Engineer,Outbrain,New Delhi,Ai,No,No,ML engineer
64,ML Engineer,Ceremorphic,Hyderabad,Deep Learning,No,,ML engineer
65,ML Engineer,TAC Security,Bengaluru,,No,,ML engineer
66,ML Engineer,UniConverge Technologies Pvt. Ltd.,Gautam Budh Nagar,Ai,No,,ML engineer
67,ML Engineer,Agiloft,Remote in India,Deployment,Yes,No,ML engineer
68,ML Engineer,Virtusa,Hybrid remote in Chennai,,Yes,,ML engineer
69,ML Engineer,Agiloft,Remote in India,Deployment,Yes,No,ML engineer
70,ML Engineer,Virtusa,Hybrid remote in Chennai,,Yes,,ML engineer
71,ML Engineer,Ceremorphic,Hyderabad,"Tensorflow, Pytorch",No,No,ML engineer
72,ML Engineer,Trask,Bengaluru,,No,No,ML engineer
73,ML Engineer,Cientra Techsolution,Bengaluru,"Stat, Excel",No,No,ML engineer
74,ML Engineer,Pinnacle Consultz,Bengaluru,,No,No,ML engineer
75,ML Engineer,NVIDIA,Pune,,No,,ML engineer
76,ML Engineer,Kloudone,Remote in Chennai,,Yes,,ML engineer
77,ML Engineer,Bastian Solutions,Bengaluru,"Stat, Neural Network",No,No,ML engineer
78,ML Engineer,Expandium,Chennai,,No,,ML engineer
79,ML Engineer,OutSystems,Bengaluru,Pytorch,No,,ML engineer
80,ML Engineer,W2S Solutions,Chennai,"Deep Learning, Tensorflow, Nlp",No,,ML engineer
81,ML Engineer,Viser Solutions,Mumbai,,No,,ML engineer
82,ML Engineer,Cephas Consultancy,Bengaluru,,No,,ML engineer
83,ML Engineer,EY,Kochi,"Python, Ai",No,,ML engineer
84,ML Engineer,MTAP Technologies,Gurgaon,,No,No,ML engineer
85,ML Engineer,Siemens,Pune,,No,No,ML engineer
86,ML Engineer,Anuview,Chennai,,No,,ML engineer
87,ML Engineer,Careervira,Gurgaon,"Data Structure, Deployment",No,No,ML engineer
88,ML Engineer,VDiSTiE,Bengaluru,,No,,ML engineer
89,ML Engineer,General Mills,Remote in Mumbai,,Yes,,ML engineer
90,ML Engineer,Shri Vile Parle Kelavani Mandal,Mumbai,Pytorch,No,,ML engineer
91,ML Engineer,Workday,Pune,,No,No,ML engineer
92,ML Engineer,DeepEdge,Hyderabad,Excel,No,,ML engineer
93,ML Engineer,SNDK Corp,Ahmedabad,"Tensorflow, Pytorch",No,No,ML engineer
94,ML Engineer,JForce Solutions,Mumbai,"Pytorch, Ai",No,,ML engineer
95,ML Engineer,mobio solutions,Remote,,Yes,No,ML engineer
96,ML Engineer,ShyftLabs,Remote in Hyderabad,,Yes,,ML engineer
97,ML Engineer,Avesha,Bengaluru,,No,No,ML engineer
98,ML Engineer,PayPal,Bengaluru,Stat,No,,ML engineer
99,ML Engineer,Spritle Software,Chennai,,No,,ML engineer
100,ML Engineer,IIE Network,Bengaluru,Deployment,No,,ML engineer
101,ML Engineer,Accenture,Hyderabad,"Deep Learning, Ai",No,,ML engineer
102,ML Engineer,Galytix,Gurgaon,,No,No,ML engineer
103,ML Engineer,OutSystems,Bengaluru,Pytorch,No,No,ML engineer
104,ML Engineer,"TRC Companies, Inc.",Remote in Hyderabad,"Deep Learning, Ai",Yes,,ML engineer
105,ML Engineer,SISL Infotech,India,,No,No,ML engineer
106,ML Engineer,Ideapoke,Bengaluru,Python,No,,ML engineer
107,ML Engineer,Corporate Steps,India,,No,No,ML engineer
108,ML Engineer,Nuacem AI,Hyderabad,Deep Learning,No,No,ML engineer
109,ML Engineer,Careers at Tide,Remote in Bengaluru,Deployment,Yes,,ML engineer
110,ML Engineer,JForce Solutions,Vile Parle,Pytorch,No,,ML engineer
111,ML Engineer,CropData Technology,Nagpur,"Deep Learning, Stat, Ai",No,,ML engineer
112,ML Engineer,Level AI,Remote in India,"Deep Learning, Deployment",Yes,No,ML engineer
113,ML Engineer,MNJ Software,Remote,,Yes,No,ML engineer
114,ML Engineer,ITC Infotech India Ltd,Bengaluru,Stat,No,,ML engineer
115,ML Engineer,Phenom People,Hyderabad,,No,,ML engineer
116,ML Engineer,Findem,Remote in Bengaluru,Deep Learning,Yes,No,ML engineer
117,ML Engineer,Mobile Programming India Pvt Ltd,Pune,Ai,No,No,ML engineer
118,ML Engineer,Dell Technologies,Hybrid remote in Bengaluru,"Tensorflow, Pytorch, Ai",Yes,No,ML engineer
119,ML Engineer,Qualcomm,Bengaluru,Ai,No,No,ML engineer
120,ML Engineer,Pravaig,Bengaluru,"Computer Vision, Ai",No,,ML engineer
121,ML Engineer,TechStep,Hadapsar,Stat,No,,ML engineer
122,ML Engineer,Zessta,Hyderabad,Deep Learning,No,,ML engineer
123,ML Engineer,IBM,Bengaluru,"Tensorflow, Pytorch",No,No,ML engineer
124,ML Engineer,Atlas Systems,Bengaluru,Deep Learning,No,No,ML engineer
125,ML Engineer,AIT Global India,India,"Ai, Deployment",No,,ML engineer
126,ML Engineer,"Epiq Systems, Inc.",Hyderabad,,No,,ML engineer
127,ML Engineer,Caminosoft AI,Remote,,Yes,,ML engineer
128,ML Engineer,EY,Thiruvananthapuram,Deployment,No,No,ML engineer
129,ML Engineer,Pype,Bengaluru,Stat,No,,ML engineer
130,ML Engineer,Neilsoft,Pune,Ai,No,,ML engineer
131,ML Engineer,Flexday,Hyderabad,,No,,ML engineer
132,ML Engineer,"View, Inc.",Chennai,Pytorch,No,No,ML engineer
133,ML Engineer,Dell Technologies,Hybrid remote in Bengaluru,"Python, Ai",Yes,,ML engineer
134,ML Engineer,DeepEdge,Hyderabad,Ai,No,,ML engineer
135,ML Engineer,AGEYE Technologies,Bengaluru,"Deep Learning, Ai",No,No,ML engineer
136,ML Engineer,Bosch Group,Bengaluru,Ai,No,,ML engineer
137,ML Engineer,Adobe,Noida,,No,,ML engineer
138,ML Engineer,Swaayatt Robots,Bhopal,,No,,ML engineer
139,ML Engineer,4CRisk.ai Software,Bengaluru,Ai,No,,ML engineer
140,ML Engineer,VRemember Technologies,Mumbai,"Ai, Nlp",No,,ML engineer
141,ML Engineer,Sprinklr,Gurgaon,Ai,No,,ML engineer
142,ML Engineer,Siemens Healthineers,Bengaluru,,No,,ML engineer
143,ML Engineer,BizAcuity,India,"Deep Learning, Neural Network",No,No,ML engineer
144,ML Engineer,Akscellence Info Solutions,New Delhi,"Python, Nlp",No,,ML engineer
145,ML Engineer,Siemens Digital Industries Software,Pune,,No,No,ML engineer
146,ML Engineer,Siemens Digital Industries Software,Pune,,No,No,ML engineer
147,ML Engineer,Apple,Hyderabad,"Deep Learning, Stat",No,No,ML engineer
148,ML Engineer,Apping Technology,Delhi,,No,,ML engineer
149,ML Engineer,Crest Premier Infotech,Bengaluru,"Python, Ai",No,,ML engineer
150,ML Engineer,Proto,Remote in Delhi,Ai,Yes,No,ML engineer
151,ML Engineer,Paxcom India,Hybrid remote in Delhi,,Yes,,ML engineer
152,ML Engineer,RPA Infotech,Gurgaon,Stat,No,No,ML engineer
153,ML Engineer,Machinellium Mavericks Projects and Consultants,Hyderabad,Stat,No,No,ML engineer
154,ML Engineer,Okta,Bengaluru,,No,,ML engineer
155,ML Engineer,Task Virtual,Kalighat,,No,,ML engineer
156,ML Engineer,Wipro Limited,Hyderabad,Ai,No,,ML engineer
157,ML Engineer,Suntec Web Services,New Delhi,Data Structure,No,,ML engineer
158,ML Engineer,Neoastra,Bengaluru,"Deep Learning, Computer Vision",No,,ML engineer
159,ML Engineer,Dell Technologies,Hybrid remote in Bengaluru,Deployment,Yes,,ML engineer
160,ML Engineer,Intuit,Bengaluru,Ai,No,,ML engineer
161,ML Engineer,Telstra,Bengaluru,,No,,ML engineer
